timestamp_iso,time_sec,trial_elapsed_sec,participant_id,condition,manual_start,init_phase,initial_pose_reached,state,event_id,auto_direction,auto_active,auto_delta,x,y,z,roll,pitch,yaw,gripper_opening,user_key_z,user_key_x,user_input,tf_force_raw,if_force_raw,tf_force_smooth,if_force_smooth,tf_contact_count,if_contact_count,contact_force,contact_frames,no_contact_frames,contact_hold_sec,no_contact_hold_sec,stable_contact,stable_no_contact,tf_level,if_level,overall_level,target_low,target_high,target_mid,force_error,in_target_range,esp32_tf_sent,esp32_if_sent
2026-05-14T15:49:05.337498,167.279167,0.000000,P00,visual_only,1,0,1,AUTO_WAIT,E00004|E00005,none,0,0.000000,-0.057000,0.030000,0.281000,-0.960000,1.630796,-2.621593,0.040000,0,0,0,0.000000,0.000000,0.000000,0.000000,0,0,0.000000,0,39907,0.000000,166.279167,0,1,0,0,0,30.000000,80.000000,55.000000,55.000000,0,0,0
2026-05-14T15:49:05.530838,167.333333,0.054167,P00,visual_only,1,0,1,AUTO_WAIT,,none,0,0.000000,-0.057000,0.030000,0.281000,-0.960000,1.630796,-2.621593,0.040000,0,0,0,0.000000,0.000000,0.000000,0.000000,0,0,0.000000,0,39920,0.000000,166.333333,0,1,0,0,0,30.000000,80.000000,55.000000,55.000000,0,0,0
2026-05-14T15:49:05.732553,167.387500,0.108333,P00,visual_only,1,0,1,AUTO_WAIT,,none,0,0.000000,-0.057000,0.030000,0.281000,-0.960000,1.630796,-2.621593,0.040000,0,0,0,0.000000,0.000000,0.000000,0.000000,0,0,0.000000,0,39933,0.000000,166.387500,0,1,0,0,0,30.000000,80.000000,55.000000,55.000000,0,0,0
2026-05-14T15:49:05.932746,167.441667,0.162500,P00,visual_only,1,0,1,AUTO_WAIT,,none,0,0.000000,-0.057000,0.030000,0.281000,-0.960000,1.630796,-2.621593,0.040000,0,0,0,0.000000,0.000000,0.000000,0.000000,0,0,0.000000,0,39946,0.000000,166.441667,0,1,0,0,0,30.000000,80.000000,55.000000,55.000000,0,0,0
2026-05-14T15:49:06.135266,167.495833,0.216667,P00,visual_only,1,0,1,AUTO_WAIT,,none,0,0.000000,-0.057000,0.030000,0.281000,-0.960000,1.630796,-2.621593,0.040000,0,0,0,0.000000,0.000000,0.000000,0.000000,0,0,0.000000,0,39959,0.000000,166.495833,0,1,0,0,0,30.000000,80.000000,55.000000,55.000000,0,0,0
2026-05-14T15:49:06.335336,167.550000,0.270833,P00,visual_only,1,0,1,AUTO_WAIT,,none,0,0.000000,-0.057000,0.030000,0.281000,-0.960000,1.630796,-2.621593,0.040000,0,0,0,0.000000,0.000000,0.000000,0.000000,0,0,0.000000,0,39972,0.000000,166.550000,0,1,0,0,0,30.000000,80.000000,55.000000,55.000000,0,0,0
2026-05-14T15:49:06.535903,167.604167,0.325000,P00,visual_only,1,0,1,AUTO_WAIT,,none,0,0.000000,-0.057000,0.030000,0.281000,-0.960000,1.630796,-2.621593,0.040000,0,0,0,0.000000,0.000000,0.000000,0.000000,0,0,0.000000,0,39985,0.000000,166.604167,0,1,0,0,0,30.000000,80.000000,55.000000,55.000000,0,0,0
2026-05-14T15:49:06.734732,167.658333,0.379167,P00,visual_only,1,0,1,AUTO_WAIT,,none,0,0.000000,-0.057000,0.030000,0.281000,-0.960000,1.630796,-2.621593,0.040000,0,0,0,0.000000,0.000000,0.000000,0.000000,0,0,0.000000,0,39998,0.000000,166.658333,0,1,0,0,0,30.000000,80.000000,55.000000,55.000000,0,0,0
2026-05-14T15:49:06.934164,167.712500,0.433333,P00,visual_only,1,0,1,AUTO_WAIT,,none,0,0.000000,-0.057000,0.030000,0.281000,-0.960000,1.630796,-2.621593,0.040000,0,0,0,0.000000,0.000000,0.000000,0.000000,0,0,0.000000,0,40011,0.000000,166.712500,0,1,0,0,0,30.000000,80.000000,55.000000,55.000000,0,0,0
2026-05-14T15:49:07.136113,167.766667,0.487500,P00,visual_only,1,0,1,AUTO_WAIT,,none,0,0.000000,-0.057000,0.030000,0.281000,-0.960000,1.630796,-2.621593,0.040000,0,0,0,0.000000,0.000000,0.000000,0.000000,0,0,0.000000,0,40024,0.000000,166.766667,0,1,0,0,0,30.000000,80.000000,55.000000,55.000000,0,0,0
2026-05-14T15:49:07.335292,167.820833,0.541667,P00,visual_only,1,0,1,AUTO_WAIT,,none,0,0.000000,-0.057000,0.030000,0.281000,-0.960000,1.630796,-2.621593,0.040000,0,0,0,0.000000,0.000000,0.000000,0.000000,0,0,0.000000,0,40037,0.000000,166.820833,0,1,0,0,0,30.000000,80.000000,55.000000,55.000000,0,0,0
2026-05-14T15:49:07.535305,167.875000,0.595833,P00,visual_only,1,0,1,AUTO_WAIT,,none,0,0.000000,-0.057000,0.030000,0.281000,-0.960000,1.630796,-2.621593,0.040000,0,0,0,0.000000,0.000000,0.000000,0.000000,0,0,0.000000,0,40050,0.000000,166.875000,0,1,0,0,0,30.000000,80.000000,55.000000,55.000000,0,0,0
2026-05-14T15:49:07.735155,167.929167,0.650000,P00,visual_only,1,0,1,AUTO_WAIT,,none,0,0.000000,-0.057000,0.030000,0.281000,-0.960000,1.630796,-2.621593,0.040000,0,0,0,0.000000,0.000000,0.000000,0.000000,0,0,0.000000,0,40063,0.000000,166.929167,0,1,0,0,0,30.000000,80.000000,55.000000,55.000000,0,0,0
2026-05-14T15:49:07.933627,167.983333,0.704167,P00,visual_only,1,0,1,AUTO_WAIT,,none,0,0.000000,-0.057000,0.030000,0.281000,-0.960000,1.630796,-2.621593,0.040000,0,0,0,0.000000,0.000000,0.000000,0.000000,0,0,0.000000,0,40076,0.000000,166.983333,0,1,0,0,0,30.000000,80.000000,55.000000,55.000000,0,0,0
2026-05-14T15:49:08.132498,168.037500,0.758333,P00,visual_only,1,0,1,AUTO_WAIT,,none,0,0.000000,-0.057000,0.030000,0.281000,-0.960000,1.630796,-2.621593,0.040000,0,0,0,0.000000,0.000000,0.000000,0.000000,0,0,0.000000,0,40089,0.000000,167.037500,0,1,0,0,0,30.000000,80.000000,55.000000,55.000000,0,0,0
2026-05-14T15:49:08.333728,168.091667,0.812500,P00,visual_only,1,0,1,AUTO_WAIT,,none,0,0.000000,-0.057000,0.030000,0.281000,-0.960000,1.630796,-2.621593,0.040000,0,0,0,0.000000,0.000000,0.000000,0.000000,0,0,0.000000,0,40102,0.000000,167.091667,0,1,0,0,0,30.000000,80.000000,55.000000,55.000000,0,0,0
2026-05-14T15:49:08.533939,168.145833,0.866667,P00,visual_only,1,0,1,AUTO_WAIT,,none,0,0.000000,-0.057000,0.030000,0.281000,-0.960000,1.630796,-2.621593,0.040000,0,0,0,0.000000,0.000000,0.000000,0.000000,0,0,0.000000,0,40115,0.000000,167.145833,0,1,0,0,0,30.000000,80.000000,55.000000,55.000000,0,0,0
2026-05-14T15:49:08.736673,168.200000,0.920833,P00,visual_only,1,0,1,AUTO_WAIT,,none,0,0.000000,-0.057000,0.030000,0.281000,-0.960000,1.630796,-2.621593,0.040000,0,0,0,0.000000,0.000000,0.000000,0.000000,0,0,0.000000,0,40128,0.000000,167.200000,0,1,0,0,0,30.000000,80.000000,55.000000,55.000000,0,0,0
2026-05-14T15:49:08.936742,168.254167,0.975000,P00,visual_only,1,0,1,AUTO_WAIT,,none,0,0.000000,-0.057000,0.030000,0.281000,-0.960000,1.630796,-2.621593,0.040000,0,0,0,0.000000,0.000000,0.000000,0.000000,0,0,0.000000,0,40141,0.000000,167.254167,0,1,0,0,0,30.000000,80.000000,55.000000,55.000000,0,0,0
2026-05-14T15:49:09.136424,168.308333,1.029167,P00,visual_only,1,0,1,AUTO_WAIT,,none,0,0.000000,-0.057000,0.030000,0.281000,-0.960000,1.630796,-2.621593,0.040000,0,0,0,0.000000,0.000000,0.000000,0.000000,0,0,0.000000,0,40154,0.000000,167.308333,0,1,0,0,0,30.000000,80.000000,55.000000,55.000000,0,0,0
2026-05-14T15:49:09.338035,168.362500,1.083333,P00,visual_only,1,0,1,AUTO_WAIT,,none,0,0.000000,-0.057000,0.030000,0.281000,-0.960000,1.630796,-2.621593,0.040000,0,0,0,0.000000,0.000000,0.000000,0.000000,0,0,0.000000,0,40167,0.000000,167.362500,0,1,0,0,0,30.000000,80.000000,55.000000,55.000000,0,0,0
2026-05-14T15:49:09.535417,168.416667,1.137500,P00,visual_only,1,0,1,AUTO_WAIT,,none,0,0.000000,-0.057000,0.030000,0.281000,-0.960000,1.630796,-2.621593,0.040000,0,0,0,0.000000,0.000000,0.000000,0.000000,0,0,0.000000,0,40180,0.000000,167.416667,0,1,0,0,0,30.000000,80.000000,55.000000,55.000000,0,0,0
2026-05-14T15:49:09.736999,168.470833,1.191667,P00,visual_only,1,0,1,USER_CONTROL,E00006,none,0,-0.004500,-0.057000,0.030000,0.281000,-0.960000,1.630796,-2.621593,0.035500,1,0,1,0.000000,0.000000,0.000000,0.000000,0,0,0.000000,0,40193,0.000000,167.470833,0,1,0,0,0,30.000000,80.000000,55.000000,55.000000,0,0,0
2026-05-14T15:49:09.935956,168.525000,1.245833,P00,visual_only,1,0,1,USER_CONTROL,,none,0,-0.024000,-0.057000,0.030000,0.281000,-0.960000,1.630796,-2.621593,0.016000,1,0,1,14.869672,0.000000,8.775522,0.000000,1,0,8.775522,5,0,0.020833,0.000000,0,0,1,0,1,30.000000,80.000000,55.000000,46.224478,0,0,0
2026-05-14T15:49:10.136250,168.579167,1.300000,P00,visual_only,1,0,1,USER_CONTROL,,none,0,-0.040000,-0.057000,0.030000,0.281000,-0.960000,1.630796,-2.621593,0.000000,1,0,1,0.000000,0.000000,2.225812,0.000000,1,1,2.225812,0,5,0.000000,0.020833,0,0,0,0,0,30.000000,80.000000,55.000000,52.774188,0,0,0
2026-05-14T15:49:10.337110,168.633333,1.354167,P00,visual_only,1,0,1,AUTO_WAIT,E00007,none,0,-0.040000,-0.057000,0.030000,0.281000,-0.960000,1.630796,-2.621593,0.000000,0,0,0,0.000000,38.371033,0.269113,31.796239,1,1,32.065352,12,0,0.050000,0.000000,0,0,0,1,1,30.000000,80.000000,55.000000,22.934648,1,0,0
2026-05-14T15:49:10.534574,168.687500,1.408333,P00,visual_only,1,0,1,AUTO_WAIT,,none,0,-0.040000,-0.057000,0.030000,0.281000,-0.960000,1.630796,-2.621593,0.000000,0,0,0,0.000000,38.002172,0.032537,37.087410,1,1,37.119947,25,0,0.104167,0.000000,1,0,0,1,1,30.000000,80.000000,55.000000,17.880053,1,0,0
2026-05-14T15:49:10.736065,168.741667,1.462500,P00,visual_only,1,0,1,AUTO_WAIT,,none,0,-0.040000,-0.057000,0.030000,0.281000,-0.960000,1.630796,-2.621593,0.000000,0,0,0,0.000000,36.678703,0.003934,37.212039,1,1,37.215973,38,0,0.158333,0.000000,1,0,0,1,1,30.000000,80.000000,55.000000,17.784027,1,0,0
2026-05-14T15:49:10.938659,168.795833,1.516667,P00,visual_only,1,0,1,AUTO_WAIT,,none,0,-0.040000,-0.057000,0.030000,0.281000,-0.960000,1.630796,-2.621593,0.000000,0,0,0,0.000000,36.084649,0.000476,36.588593,1,1,36.589068,51,0,0.212500,0.000000,1,0,0,1,1,30.000000,80.000000,55.000000,18.410932,1,0,0
2026-05-14T15:49:11.138621,168.850000,1.570833,P00,visual_only,1,0,1,AUTO_WAIT,,none,0,-0.040000,-0.057000,0.030000,0.281000,-0.960000,1.630796,-2.621593,0.000000,0,0,0,0.000000,34.683241,0.000058,35.409411,1,1,35.409468,64,0,0.266667,0.000000,1,0,0,1,1,30.000000,80.000000,55.000000,19.590532,1,0,0
2026-05-14T15:49:11.337100,168.904167,1.625000,P00,visual_only,1,0,1,AUTO_WAIT,,none,0,-0.040000,-0.057000,0.030000,0.281000,-0.960000,1.630796,-2.621593,0.000000,0,0,0,1.996961,33.741754,1.862852,32.851594,1,1,34.714446,77,0,0.320833,0.000000,1,0,0,1,1,30.000000,80.000000,55.000000,20.285554,1,0,0
2026-05-14T15:49:11.537827,168.958333,1.679167,P00,visual_only,1,0,1,AUTO_WAIT,,none,0,-0.040000,-0.057000,0.030000,0.281000,-0.960000,1.630796,-2.621593,0.000000,0,0,0,4.088607,30.813677,3.610518,31.274544,1,1,34.885062,90,0,0.375000,0.000000,1,0,0,1,1,30.000000,80.000000,55.000000,20.114938,1,0,0
2026-05-14T15:49:11.740280,169.012500,1.733333,P00,visual_only,1,0,1,AUTO_WAIT,,none,0,-0.040000,-0.057000,0.030000,0.281000,-0.960000,1.630796,-2.621593,0.000000,0,0,0,5.195064,29.773015,4.744417,30.332800,1,1,35.077217,103,0,0.429167,0.000000,1,0,0,1,1,30.000000,80.000000,55.000000,19.922783,1,0,0
2026-05-14T15:49:11.940722,169.066667,1.787500,P00,visual_only,1,0,1,AUTO_WAIT,,none,0,-0.040000,-0.057000,0.030000,0.281000,-0.960000,1.630796,-2.621593,0.000000,0,0,0,7.586843,28.177529,5.837021,29.507881,1,1,35.344903,116,0,0.483333,0.000000,1,0,1,1,1,30.000000,80.000000,55.000000,19.655097,1,0,0
2026-05-14T15:49:12.140813,169.120833,1.841667,P00,visual_only,1,0,1,AUTO_WAIT,,none,0,-0.040000,-0.057000,0.030000,0.281000,-0.960000,1.630796,-2.621593,0.000000,0,0,0,6.207144,29.932235,6.122557,29.570298,1,1,35.692856,129,0,0.537500,0.000000,1,0,1,1,1,30.000000,80.000000,55.000000,19.307144,1,0,0
2026-05-14T15:49:12.343090,169.175000,1.895833,P00,visual_only,1,0,1,AUTO_WAIT,,none,0,-0.040000,-0.057000,0.030000,0.281000,-0.960000,1.630796,-2.621593,0.000000,0,0,0,6.897992,29.124164,6.673338,29.349809,1,1,36.023147,142,0,0.591667,0.000000,1,0,1,1,1,30.000000,80.000000,55.000000,18.976853,1,0,0
2026-05-14T15:49:12.542703,169.229167,1.950000,P00,visual_only,1,0,1,AUTO_WAIT,,none,0,-0.040000,-0.057000,0.030000,0.281000,-0.960000,1.630796,-2.621593,0.000000,0,0,0,7.456098,28.643747,7.151746,29.015062,1,1,36.166808,155,0,0.645833,0.000000,1,0,1,1,1,30.000000,80.000000,55.000000,18.833192,1,0,0
2026-05-14T15:49:12.743112,169.283333,2.004167,P00,visual_only,1,0,1,AUTO_WAIT,,none,0,-0.040000,-0.057000,0.030000,0.281000,-0.960000,1.630796,-2.621593,0.000000,0,0,0,8.010501,28.215415,7.650937,28.683574,1,1,36.334511,168,0,0.700000,0.000000,1,0,1,1,1,30.000000,80.000000,55.000000,18.665489,1,0,0
2026-05-14T15:49:12.943654,169.337500,2.058333,P00,visual_only,1,0,1,AUTO_WAIT,,none,0,-0.040000,-0.057000,0.030000,0.281000,-0.960000,1.630796,-2.621593,0.000000,0,0,0,10.054352,26.909347,8.375798,28.206955,1,1,36.582753,181,0,0.754167,0.000000,1,0,1,1,1,30.000000,80.000000,55.000000,18.417247,1,0,0
2026-05-14T15:49:13.145681,169.391667,2.112500,P00,visual_only,1,0,1,AUTO_WAIT,,none,0,-0.040000,-0.057000,0.030000,0.281000,-0.960000,1.630796,-2.621593,0.000000,0,0,0,8.464404,28.920532,8.477240,28.468796,1,1,36.946036,194,0,0.808333,0.000000,1,0,1,1,1,30.000000,80.000000,55.000000,18.053964,1,0,0
2026-05-14T15:49:13.347273,169.445833,2.166667,P00,visual_only,1,0,1,AUTO_WAIT,,none,0,-0.040000,-0.057000,0.030000,0.281000,-0.960000,1.630796,-2.621593,0.000000,0,0,0,9.022883,28.245628,8.901730,28.309862,1,1,37.211592,207,0,0.862500,0.000000,1,0,1,1,1,30.000000,80.000000,55.000000,17.788408,1,0,0
2026-05-14T15:49:13.547060,169.500000,2.220833,P00,visual_only,1,0,1,AUTO_WAIT,,none,0,-0.040000,-0.057000,0.030000,0.281000,-0.960000,1.630796,-2.621593,0.000000,0,0,0,9.491252,27.789328,9.304791,28.065265,1,1,37.370056,220,0,0.916667,0.000000,1,0,1,1,1,30.000000,80.000000,55.000000,17.629944,1,0,0
2026-05-14T15:49:13.746686,169.554167,2.275000,P00,visual_only,1,0,1,AUTO_WAIT,,none,0,-0.040000,-0.057000,0.030000,0.281000,-0.960000,1.630796,-2.621593,0.000000,0,0,0,9.905531,27.409627,9.676556,27.798659,1,1,37.475216,233,0,0.970833,0.000000,1,0,1,1,1,30.000000,80.000000,55.000000,17.524784,1,0,0
2026-05-14T15:49:13.946675,169.608333,2.329167,P00,visual_only,1,0,1,AUTO_WAIT,,none,0,-0.040000,-0.057000,0.030000,0.281000,-0.960000,1.630796,-2.621593,0.000000,0,0,0,10.288756,27.078009,10.026079,27.527293,1,1,37.553372,246,0,1.025000,0.000000,1,0,1,1,1,30.000000,80.000000,55.000000,17.446628,1,0,0
2026-05-14T15:49:14.146985,169.662500,2.383333,P00,visual_only,1,0,1,AUTO_WAIT,,none,0,-0.040000,-0.057000,0.030000,0.281000,-0.960000,1.630796,-2.621593,0.000000,0,0,0,8.860095,29.937626,10.286485,27.608700,1,1,37.895186,259,0,1.079167,0.000000,1,0,1,1,1,30.000000,80.000000,55.000000,17.104814,1,0,0
2026-05-14T15:49:14.343863,169.716667,2.437500,P00,visual_only,1,0,1,AUTO_WAIT,,none,0,-0.040000,-0.057000,0.030000,0.281000,-0.960000,1.630796,-2.621593,0.000000,0,0,0,10.518442,27.563545,10.491739,27.585015,1,1,38.076754,272,0,1.133333,0.000000,1,0,1,1,1,30.000000,80.000000,55.000000,16.923246,1,0,0
2026-05-14T15:49:14.545469,169.770833,2.491667,P00,visual_only,1,0,1,AUTO_WAIT,,none,0,-0.040000,-0.057000,0.030000,0.281000,-0.960000,1.630796,-2.621593,0.000000,0,0,0,10.795844,27.335034,10.711279,27.471362,1,1,38.182642,285,0,1.187500,0.000000,1,0,1,1,1,30.000000,80.000000,55.000000,16.817358,1,0,0
2026-05-14T15:49:14.744186,169.825000,2.545833,P00,visual_only,1,0,1,AUTO_WAIT,,none,0,-0.040000,-0.057000,0.030000,0.281000,-0.960000,1.630796,-2.621593,0.000000,0,0,0,11.102167,26.976173,10.945142,27.293172,1,1,38.238314,298,0,1.241667,0.000000,1,0,1,1,1,30.000000,80.000000,55.000000,16.761686,1,0,0
2026-05-14T15:49:14.944758,169.879167,2.600000,P00,visual_only,1,0,1,AUTO_WAIT,,none,0,-0.040000,-0.057000,0.030000,0.281000,-0.960000,1.630796,-2.621593,0.000000,0,0,0,11.388830,26.720733,11.206430,27.077506,1,1,38.283936,311,0,1.295833,0.000000,1,0,1,1,1,30.000000,80.000000,55.000000,16.716064,1,0,0
2026-05-14T15:49:15.145537,169.933333,2.654167,P00,visual_only,1,0,1,AUTO_WAIT,,none,0,-0.040000,-0.057000,0.030000,0.281000,-0.960000,1.630796,-2.621593,0.000000,0,0,0,11.647368,26.465328,11.432665,26.889710,1,1,38.322375,324,0,1.350000,0.000000,1,0,1,1,1,30.000000,80.000000,55.000000,16.677625,1,0,0
2026-05-14T15:49:15.343479,169.987500,2.708333,P00,visual_only,1,0,1,AUTO_WAIT,,none,0,-0.040000,-0.057000,0.030000,0.281000,-0.960000,1.630796,-2.621593,0.000000,0,0,0,13.414303,25.284930,11.892406,26.549891,1,1,38.442297,337,0,1.404167,0.000000,1,0,1,1,1,30.000000,80.000000,55.000000,16.557703,1,0,0
2026-05-14T15:49:15.543750,170.041667,2.762500,P00,visual_only,1,0,1,AUTO_WAIT,,none,0,-0.040000,-0.057000,0.030000,0.281000,-0.960000,1.630796,-2.621593,0.000000,0,0,0,10.304210,29.258853,11.791693,26.866314,1,1,38.658007,350,0,1.458333,0.000000,1,0,1,1,1,30.000000,80.000000,55.000000,16.341993,1,0,0
2026-05-14T15:49:15.741943,170.095833,2.816667,P00,visual_only,1,0,1,AUTO_WAIT,,none,0,-0.040000,-0.057000,0.030000,0.281000,-0.960000,1.630796,-2.621593,0.000000,0,0,0,11.850567,26.959723,11.879350,26.937199,1,1,38.816549,363,0,1.512500,0.000000,1,0,1,1,1,30.000000,80.000000,55.000000,16.183451,1,0,0
2026-05-14T15:49:15.941860,170.150000,2.870833,P00,visual_only,1,0,1,AUTO_WAIT,,none,0,-0.040000,-0.057000,0.030000,0.281000,-0.960000,1.630796,-2.621593,0.000000,0,0,0,12.023946,26.853625,12.023946,26.840019,1,1,38.863965,376,0,1.566667,0.000000,1,0,1,1,1,30.000000,80.000000,55.000000,16.136035,1,0,0
2026-05-14T15:49:16.142247,170.204167,2.925000,P00,visual_only,1,0,1,AUTO_WAIT,,none,0,-0.040000,-0.057000,0.030000,0.281000,-0.960000,1.630796,-2.621593,0.000000,0,0,0,12.218232,26.646698,12.174572,26.739722,1,1,38.914294,389,0,1.620833,0.000000,1,0,1,1,1,30.000000,80.000000,55.000000,16.085706,1,0,0
2026-05-14T15:49:16.341367,170.258333,2.979167,P00,visual_only,1,0,1,AUTO_WAIT,,none,0,-0.040000,-0.057000,0.030000,0.281000,-0.960000,1.630796,-2.621593,0.000000,0,0,0,12.396495,26.442708,12.316400,26.639774,1,1,38.956173,402,0,1.675000,0.000000,1,0,1,1,1,30.000000,80.000000,55.000000,16.043827,1,0,0
2026-05-14T15:49:16.542935,170.312500,3.033333,P00,visual_only,1,0,1,AUTO_WAIT,,none,0,-0.040000,-0.057000,0.030000,0.281000,-0.960000,1.630796,-2.621593,0.000000,0,0,0,12.555508,26.269986,12.448210,26.538981,1,1,38.987190,415,0,1.729167,0.000000,1,0,1,1,1,30.000000,80.000000,55.000000,16.012810,1,0,0
2026-05-14T15:49:16.742945,170.366667,3.087500,P00,visual_only,1,0,1,AUTO_WAIT,,none,0,-0.040000,-0.057000,0.030000,0.281000,-0.960000,1.630796,-2.621593,0.000000,0,0,0,12.702578,26.114447,12.572496,26.436164,1,1,39.008661,428,0,1.783333,0.000000,1,0,1,1,1,30.000000,80.000000,55.000000,15.991339,1,0,0
2026-05-14T15:49:16.942492,170.420833,3.141667,P00,visual_only,1,0,1,AUTO_WAIT,,none,0,-0.040000,-0.057000,0.030000,0.281000,-0.960000,1.630796,-2.621593,0.000000,0,0,0,12.841216,25.970203,12.691389,26.331209,1,1,39.022598,441,0,1.837500,0.000000,1,0,1,1,1,30.000000,80.000000,55.000000,15.977402,1,0,0
2026-05-14T15:49:17.143957,170.475000,3.195833,P00,visual_only,1,0,1,AUTO_WAIT,,none,0,-0.040000,-0.057000,0.030000,0.281000,-0.960000,1.630796,-2.621593,0.000000,0,0,0,12.972797,25.836002,12.806085,26.224833,1,1,39.030917,454,0,1.891667,0.000000,1,0,1,1,1,30.000000,80.000000,55.000000,15.969083,1,0,0
2026-05-14T15:49:17.343274,170.529167,3.250000,P00,visual_only,1,0,1,AUTO_WAIT,,none,0,-0.040000,-0.057000,0.030000,0.281000,-0.960000,1.630796,-2.621593,0.000000,0,0,0,13.098109,25.710848,12.917158,26.118015,1,1,39.035173,467,0,1.945833,0.000000,1,0,1,1,1,30.000000,80.000000,55.000000,15.964827,1,0,0
2026-05-14T15:49:17.543268,170.583333,3.304167,P00,visual_only,1,0,1,AUTO_WAIT,,none,0,-0.040000,-0.057000,0.030000,0.281000,-0.960000,1.630796,-2.621593,0.000000,0,0,0,14.733173,24.593320,13.252187,25.861631,1,1,39.113818,480,0,2.000000,0.000000,1,0,1,1,1,30.000000,80.000000,55.000000,15.886182,1,0,0
2026-05-14T15:49:17.742970,170.637500,3.358333,P00,visual_only,1,0,1,AUTO_WAIT,,none,0,-0.040000,-0.057000,0.030000,0.281000,-0.960000,1.630796,-2.621593,0.000000,0,0,0,11.488805,28.735613,13.046042,26.266672,1,1,39.312714,493,0,2.054167,0.000000,1,0,1,1,1,30.000000,80.000000,55.000000,15.687286,1,0,0
2026-05-14T15:49:17.946259,170.691667,3.412500,P00,visual_only,1,0,1,AUTO_WAIT,,none,0,-0.040000,-0.057000,0.030000,0.281000,-0.960000,1.630796,-2.621593,0.000000,0,0,0,12.860485,26.858872,13.072401,26.331561,1,1,39.403962,506,0,2.108333,0.000000,1,0,1,1,1,30.000000,80.000000,55.000000,15.596038,1,0,0
2026-05-14T15:49:18.146720,170.745833,3.466667,P00,visual_only,1,0,1,AUTO_WAIT,,none,0,-0.040000,-0.057000,0.030000,0.281000,-0.960000,1.630796,-2.621593,0.000000,0,0,0,13.050564,26.372890,13.119501,26.315596,1,1,39.435097,519,0,2.162500,0.000000,1,0,1,1,1,30.000000,80.000000,55.000000,15.564903,1,0,0
2026-05-14T15:49:18.349517,170.800000,3.520833,P00,visual_only,1,0,1,AUTO_WAIT,,none,0,-0.040000,-0.057000,0.030000,0.281000,-0.960000,1.630796,-2.621593,0.000000,0,0,0,13.126075,26.349421,13.167456,26.300028,1,1,39.467484,532,0,2.216667,0.000000,1,0,1,1,1,30.000000,80.000000,55.000000,15.532516,1,0,0
2026-05-14T15:49:18.551422,170.854167,3.575000,P00,visual_only,1,0,1,AUTO_WAIT,,none,0,-0.040000,-0.057000,0.030000,0.281000,-0.960000,1.630796,-2.621593,0.000000,0,0,0,13.228769,26.194934,13.220497,26.265017,1,1,39.485514,545,0,2.270833,0.000000,1,0,1,1,1,30.000000,80.000000,55.000000,15.514486,1,0,0
2026-05-14T15:49:18.749045,170.908333,3.629167,P00,visual_only,1,0,1,AUTO_WAIT,,none,0,-0.040000,-0.057000,0.030000,0.281000,-0.960000,1.630796,-2.621593,0.000000,0,0,0,13.329314,26.028549,13.277765,26.211572,1,1,39.489338,558,0,2.325000,0.000000,1,0,1,1,1,30.000000,80.000000,55.000000,15.510662,1,0,0
2026-05-14T15:49:18.948737,170.962500,3.683333,P00,visual_only,1,0,1,AUTO_WAIT,,none,0,-0.040000,-0.057000,0.030000,0.281000,-0.960000,1.630796,-2.621593,0.000000,0,0,0,13.420977,25.886186,13.337495,26.145959,1,1,39.483454,571,0,2.379167,0.000000,1,0,1,1,1,30.000000,80.000000,55.000000,15.516546,1,0,0
2026-05-14T15:49:19.149771,171.016667,3.737500,P00,visual_only,1,0,1,AUTO_WAIT,,none,0,-0.040000,-0.057000,0.030000,0.281000,-0.960000,1.630796,-2.621593,0.000000,0,0,0,13.507873,25.756842,13.398782,26.071868,1,1,39.470650,584,0,2.433333,0.000000,1,0,1,1,1,30.000000,80.000000,55.000000,15.529350,1,0,0
2026-05-14T15:49:19.348079,171.070833,3.791667,P00,visual_only,1,0,1,AUTO_WAIT,,none,0,-0.040000,-0.057000,0.030000,0.281000,-0.960000,1.630796,-2.621593,0.000000,0,0,0,13.591614,25.636151,13.461083,25.991796,1,1,39.452879,597,0,2.487500,0.000000,1,0,1,1,1,30.000000,80.000000,55.000000,15.547121,1,0,0
2026-05-14T15:49:19.548934,171.125000,3.845833,P00,visual_only,1,0,1,AUTO_WAIT,,none,0,-0.040000,-0.057000,0.030000,0.281000,-0.960000,1.630796,-2.621593,0.000000,0,0,0,13.672495,25.523650,13.523970,25.907800,1,1,39.431770,610,0,2.541667,0.000000,1,0,1,1,1,30.000000,80.000000,55.000000,15.568230,1,0,0
2026-05-14T15:49:19.750326,171.179167,3.900000,P00,visual_only,1,0,1,AUTO_WAIT,,none,0,-0.040000,-0.057000,0.030000,0.281000,-0.960000,1.630796,-2.621593,0.000000,0,0,0,13.750691,25.418722,13.587094,25.821546,1,1,39.408640,623,0,2.595833,0.000000,1,0,1,1,1,30.000000,80.000000,55.000000,15.591360,1,0,0
2026-05-14T15:49:19.950602,171.233333,3.954167,P00,visual_only,1,0,1,AUTO_WAIT,,none,0,-0.040000,-0.057000,0.030000,0.281000,-0.960000,1.630796,-2.621593,0.000000,0,0,0,15.339933,24.305238,13.877207,25.582033,1,1,39.459240,636,0,2.650000,0.000000,1,0,1,1,1,30.000000,80.000000,55.000000,15.540760,1,0,0
2026-05-14T15:49:20.151846,171.287500,4.008333,P00,visual_only,1,0,1,AUTO_WAIT,,none,0,-0.040000,-0.057000,0.030000,0.281000,-0.960000,1.630796,-2.621593,0.000000,0,0,0,12.037584,28.508746,13.626636,26.009656,1,1,39.636292,649,0,2.704167,0.000000,1,0,1,1,1,30.000000,80.000000,55.000000,15.363708,1,0,0
2026-05-14T15:49:20.353433,171.341667,4.062500,P00,visual_only,1,0,1,AUTO_WAIT,,none,0,-0.040000,-0.057000,0.030000,0.281000,-0.960000,1.630796,-2.621593,0.000000,0,0,0,13.373360,26.638758,13.612214,26.093560,1,1,39.705773,662,0,2.758333,0.000000,1,0,1,1,1,30.000000,80.000000,55.000000,15.294227,1,0,0
2026-05-14T15:49:20.553092,171.395833,4.116667,P00,visual_only,1,0,1,AUTO_WAIT,,none,0,-0.040000,-0.057000,0.030000,0.281000,-0.960000,1.630796,-2.621593,0.000000,0,0,0,13.537051,26.160689,13.622853,26.093942,1,1,39.716796,675,0,2.812500,0.000000,1,0,1,1,1,30.000000,80.000000,55.000000,15.283204,1,0,0
2026-05-14T15:49:20.752234,171.450000,4.170833,P00,visual_only,1,0,1,AUTO_WAIT,,none,0,-0.040000,-0.057000,0.030000,0.281000,-0.960000,1.630796,-2.621593,0.000000,0,0,0,13.583276,26.150196,13.637351,26.093360,1,1,39.730711,688,0,2.866667,0.000000,1,0,1,1,1,30.000000,80.000000,55.000000,15.269289,1,0,0
2026-05-14T15:49:20.951069,171.504167,4.225000,P00,visual_only,1,0,1,AUTO_WAIT,,none,0,-0.040000,-0.057000,0.030000,0.281000,-0.960000,1.630796,-2.621593,0.000000,0,0,0,13.656825,26.007192,13.659349,26.072026,1,1,39.731375,701,0,2.920833,0.000000,1,0,1,1,1,30.000000,80.000000,55.000000,15.268625,1,0,0
2026-05-14T15:49:21.150354,171.558333,4.279167,P00,visual_only,1,0,1,AUTO_WAIT,,none,0,-0.040000,-0.057000,0.030000,0.281000,-0.960000,1.630796,-2.621593,0.000000,0,0,0,13.729666,25.851813,13.687714,26.031142,1,1,39.718856,714,0,2.975000,0.000000,1,0,1,1,1,30.000000,80.000000,55.000000,15.281144,1,0,0
2026-05-14T15:49:21.350654,171.612500,4.333333,P00,visual_only,1,0,1,AUTO_WAIT,,none,0,-0.040000,-0.057000,0.030000,0.281000,-0.960000,1.630796,-2.621593,0.000000,0,0,0,13.795103,25.720230,13.720466,25.977165,1,1,39.697631,727,0,3.029167,0.000000,1,0,1,1,1,30.000000,80.000000,55.000000,15.302369,1,0,0
2026-05-14T15:49:21.550765,171.666667,4.387500,P00,visual_only,1,0,1,AUTO_WAIT,,none,0,-0.040000,-0.057000,0.030000,0.281000,-0.960000,1.630796,-2.621593,0.000000,0,0,0,13.857266,25.601231,13.756535,25.913909,1,1,39.670444,740,0,3.083333,0.000000,1,0,1,1,1,30.000000,80.000000,55.000000,15.329556,1,0,0
2026-05-14T15:49:21.751117,171.720833,4.441667,P00,visual_only,1,0,1,AUTO_WAIT,,none,0,-0.040000,-0.057000,0.030000,0.281000,-0.960000,1.630796,-2.621593,0.000000,0,0,0,13.917770,25.490373,13.795246,25.843954,1,1,39.639200,753,0,3.137500,0.000000,1,0,1,1,1,30.000000,80.000000,55.000000,15.360800,1,0,0
2026-05-14T15:49:21.951328,171.775000,4.495833,P00,visual_only,1,0,1,AUTO_WAIT,,none,0,-0.040000,-0.057000,0.030000,0.281000,-0.960000,1.630796,-2.621593,0.000000,0,0,0,13.976871,25.387181,13.836057,25.769425,1,1,39.605483,766,0,3.191667,0.000000,1,0,1,1,1,30.000000,80.000000,55.000000,15.394517,1,0,0
2026-05-14T15:49:22.152494,171.829167,4.550000,P00,visual_only,1,0,1,AUTO_WAIT,,none,0,-0.040000,-0.057000,0.030000,0.281000,-0.960000,1.630796,-2.621593,0.000000,0,0,0,14.034681,25.291041,13.878522,25.692041,1,1,39.570563,779,0,3.245833,0.000000,1,0,1,1,1,30.000000,80.000000,55.000000,15.429437,1,0,0
2026-05-14T15:49:22.352991,171.883333,4.604167,P00,visual_only,1,0,1,AUTO_WAIT,,none,0,-0.040000,-0.057000,0.030000,0.281000,-0.960000,1.630796,-2.621593,0.000000,0,0,0,15.604011,24.179286,14.149179,25.459862,1,1,39.609040,792,0,3.300000,0.000000,1,0,1,1,1,30.000000,80.000000,55.000000,15.390960,1,0,0
2026-05-14T15:49:22.551743,171.937500,4.658333,P00,visual_only,1,0,1,AUTO_WAIT,,none,0,-0.040000,-0.057000,0.030000,0.281000,-0.960000,1.630796,-2.621593,0.000000,0,0,0,12.276120,28.409952,13.879263,25.897408,1,1,39.776671,805,0,3.354167,0.000000,1,0,1,1,1,30.000000,80.000000,55.000000,15.223329,1,0,0
2026-05-14T15:49:22.750744,171.991667,4.712500,P00,visual_only,1,0,1,AUTO_WAIT,,none,0,-0.040000,-0.057000,0.030000,0.281000,-0.960000,1.630796,-2.621593,0.000000,0,0,0,13.596457,26.542658,13.847099,25.989632,1,1,39.836731,818,0,3.408333,0.000000,1,0,1,1,1,30.000000,80.000000,55.000000,15.163269,1,0,0
2026-05-14T15:49:22.950452,172.045833,4.766667,P00,visual_only,1,0,1,AUTO_WAIT,,none,0,-0.040000,-0.057000,0.030000,0.281000,-0.960000,1.630796,-2.621593,0.000000,0,0,0,13.748720,26.068067,13.841878,25.997173,1,1,39.839052,831,0,3.462500,0.000000,1,0,1,1,1,30.000000,80.000000,55.000000,15.160948,1,0,0
2026-05-14T15:49:23.150080,172.100000,4.820833,P00,visual_only,1,0,1,AUTO_WAIT,,none,0,-0.040000,-0.057000,0.030000,0.281000,-0.960000,1.630796,-2.621593,0.000000,0,0,0,13.782236,26.063244,13.841824,26.003151,1,1,39.844975,844,0,3.516667,0.000000,1,0,1,1,1,30.000000,80.000000,55.000000,15.155025,1,0,0
2026-05-14T15:49:23.351785,172.154167,4.875000,P00,visual_only,1,0,1,AUTO_WAIT,,none,0,-0.040000,-0.057000,0.030000,0.281000,-0.960000,1.630796,-2.621593,0.000000,0,0,0,13.843121,25.925250,13.850321,25.987800,1,1,39.838120,857,0,3.570833,0.000000,1,0,1,1,1,30.000000,80.000000,55.000000,15.161880,1,0,0
2026-05-14T15:49:23.551638,172.208333,4.929167,P00,visual_only,1,0,1,AUTO_WAIT,,none,0,-0.040000,-0.057000,0.030000,0.281000,-0.960000,1.630796,-2.621593,0.000000,0,0,0,13.903915,25.774681,13.866114,25.952409,1,1,39.818523,870,0,3.625000,0.000000,1,0,1,1,1,30.000000,80.000000,55.000000,15.181477,1,0,0
2026-05-14T15:49:23.750727,172.262500,4.983333,P00,visual_only,1,0,1,AUTO_WAIT,,none,0,-0.040000,-0.057000,0.030000,0.281000,-0.960000,1.630796,-2.621593,0.000000,0,0,0,13.957943,25.647810,13.887131,25.903520,1,1,39.790651,883,0,3.679167,0.000000,1,0,1,1,1,30.000000,80.000000,55.000000,15.209349,1,0,0
2026-05-14T15:49:23.948417,172.316667,5.037500,P00,visual_only,1,0,1,AUTO_WAIT,,none,0,-0.040000,-0.057000,0.030000,0.281000,-0.960000,1.630796,-2.621593,0.000000,0,0,0,14.009343,25.533335,13.912230,25.845000,1,1,39.757229,896,0,3.733333,0.000000,1,0,1,1,1,30.000000,80.000000,55.000000,15.242771,1,0,0
2026-05-14T15:49:24.149448,172.370833,5.091667,P00,visual_only,1,0,1,AUTO_WAIT,,none,0,-0.040000,-0.057000,0.030000,0.281000,-0.960000,1.630796,-2.621593,0.000000,0,0,0,14.059734,25.426777,13.940677,25.779466,1,1,39.720143,909,0,3.787500,0.000000,1,0,1,1,1,30.000000,80.000000,55.000000,15.279857,1,0,0
2026-05-14T15:49:24.350072,172.425000,5.145833,P00,visual_only,1,0,1,AUTO_WAIT,,none,0,-0.040000,-0.057000,0.030000,0.281000,-0.960000,1.630796,-2.621593,0.000000,0,0,0,14.109355,25.327654,13.971883,25.709074,1,1,39.680957,922,0,3.841667,0.000000,1,0,1,1,1,30.000000,80.000000,55.000000,15.319043,1,0,0
2026-05-14T15:49:24.551274,172.479167,5.200000,P00,visual_only,1,0,1,USER_CONTROL,E00008,none,0,-0.034000,-0.057000,0.030000,0.281000,-0.960000,1.630796,-2.621593,0.006000,0,1,1,14.158292,25.235355,14.005359,25.635564,1,1,39.640924,935,0,3.895833,0.000000,1,0,1,1,1,30.000000,80.000000,55.000000,15.359076,1,0,0
2026-05-14T15:49:24.751535,172.533333,5.254167,P00,visual_only,1,0,1,AUTO_WAIT,,none,0,-0.028000,-0.057000,0.030000,0.281000,-0.960000,1.630796,-2.621593,0.012000,0,0,0,15.718950,24.124355,14.267548,25.406588,1,1,39.674136,948,0,3.950000,0.000000,1,0,1,1,1,30.000000,80.000000,55.000000,15.325864,1,0,0
2026-05-14T15:49:24.952019,172.587500,5.308333,P00,visual_only,1,0,1,AUTO_WAIT,,none,0,-0.028000,-0.057000,0.030000,0.281000,-0.960000,1.630796,-2.621593,0.012000,0,0,0,12.379877,28.366944,13.989203,25.848478,1,1,39.837681,961,0,4.004167,0.000000,1,0,1,1,1,30.000000,80.000000,55.000000,15.162319,1,0,0
2026-05-14T15:49:25.153132,172.641667,5.362500,P00,visual_only,1,0,1,USER_CONTROL,E00009,none,0,-0.025000,-0.057000,0.030000,0.281000,-0.960000,1.630796,-2.621593,0.015000,0,1,1,4.797897,10.261577,12.293118,22.854308,1,1,35.147427,974,0,4.058333,0.000000,1,0,1,1,1,30.000000,80.000000,55.000000,19.852573,1,0,0
2026-05-14T15:49:25.352768,172.695833,5.416667,P00,visual_only,1,0,1,AUTO_WAIT,E00010,none,0,-0.011500,-0.057000,0.030000,0.281000,-0.960000,1.630796,-2.621593,0.028500,0,0,0,2.694823,0.000000,2.900343,2.785944,1,0,5.686287,987,0,4.112500,0.000000,1,0,0,0,0,30.000000,80.000000,55.000000,49.313713,0,0,0
2026-05-14T15:49:25.552964,172.750000,5.470833,P00,visual_only,1,0,1,AUTO_WAIT,,none,0,-0.011500,-0.057000,0.030000,0.281000,-0.960000,1.630796,-2.621593,0.028500,0,0,0,3.058467,0.000000,2.951652,0.336836,1,0,3.288488,0,12,0.000000,0.050000,0,0,0,0,0,30.000000,80.000000,55.000000,51.711512,0,0,0
2026-05-14T15:49:25.753251,172.804167,5.525000,P00,visual_only,1,0,1,AUTO_WAIT,,none,0,-0.011500,-0.057000,0.030000,0.281000,-0.960000,1.630796,-2.621593,0.028500,0,0,0,2.956456,0.000000,2.932782,0.040725,1,0,2.973507,0,25,0.000000,0.104167,0,0,0,0,0,30.000000,80.000000,55.000000,52.026493,0,0,0
2026-05-14T15:49:25.954166,172.858333,5.579167,P00,visual_only,1,0,1,AUTO_WAIT,,none,0,-0.011500,-0.057000,0.030000,0.281000,-0.960000,1.630796,-2.621593,0.028500,0,0,0,3.074315,0.000000,3.027616,0.004924,1,0,3.032540,0,38,0.000000,0.158333,0,0,0,0,0,30.000000,80.000000,55.000000,51.967460,0,0,0
2026-05-14T15:49:26.152126,172.912500,5.633333,P00,visual_only,1,0,1,AUTO_WAIT,,none,0,-0.011500,-0.057000,0.030000,0.281000,-0.960000,1.630796,-2.621593,0.028500,0,0,0,3.154820,0.000000,3.114079,0.000595,1,0,3.114674,0,51,0.000000,0.212500,0,1,0,0,0,30.000000,80.000000,55.000000,51.885326,0,0,0
2026-05-14T15:49:26.351309,172.966667,5.687500,P00,visual_only,1,0,1,AUTO_WAIT,,none,0,-0.011500,-0.057000,0.030000,0.281000,-0.960000,1.630796,-2.621593,0.028500,0,0,0,3.262804,0.000000,3.216427,0.000072,1,0,3.216499,0,64,0.000000,0.266667,0,1,0,0,0,30.000000,80.000000,55.000000,51.783501,0,0,0
2026-05-14T15:49:26.548924,173.020833,5.741667,P00,visual_only,1,0,1,AUTO_WAIT,,none,0,-0.011500,-0.057000,0.030000,0.281000,-0.960000,1.630796,-2.621593,0.028500,0,0,0,3.369353,0.000000,3.323172,0.000009,1,0,3.323181,0,77,0.000000,0.320833,0,1,0,0,0,30.000000,80.000000,55.000000,51.676819,0,0,0
2026-05-14T15:49:26.749091,173.075000,5.795833,P00,visual_only,1,0,1,AUTO_WAIT,,none,0,-0.011500,-0.057000,0.030000,0.281000,-0.960000,1.630796,-2.621593,0.028500,0,0,0,3.472305,0.000000,3.427415,0.000001,1,0,3.427416,0,90,0.000000,0.375000,0,1,0,0,0,30.000000,80.000000,55.000000,51.572584,0,0,0
2026-05-14T15:49:26.949217,173.129167,5.850000,P00,visual_only,1,0,1,AUTO_WAIT,,none,0,-0.011500,-0.057000,0.030000,0.281000,-0.960000,1.630796,-2.621593,0.028500,0,0,0,3.572532,0.000000,3.528653,0.000000,1,0,3.528653,0,103,0.000000,0.429167,0,1,0,0,0,30.000000,80.000000,55.000000,51.471347,0,0,0
2026-05-14T15:49:27.148102,173.183333,5.904167,P00,visual_only,1,0,1,AUTO_WAIT,,none,0,-0.011500,-0.057000,0.030000,0.281000,-0.960000,1.630796,-2.621593,0.028500,0,0,0,3.691393,0.000000,3.643826,0.000000,1,0,3.643826,0,116,0.000000,0.483333,0,1,0,0,0,30.000000,80.000000,55.000000,51.356174,0,0,0
2026-05-14T15:49:27.346619,173.237500,5.958333,P00,visual_only,1,0,1,AUTO_WAIT,,none,0,-0.011500,-0.057000,0.030000,0.281000,-0.960000,1.630796,-2.621593,0.028500,0,0,0,3.781920,0.000000,3.742560,0.000000,1,0,3.742560,0,129,0.000000,0.537500,0,1,0,0,0,30.000000,80.000000,55.000000,51.257440,0,0,0
2026-05-14T15:49:27.546225,173.291667,6.012500,P00,visual_only,1,0,1,AUTO_WAIT,,none,0,-0.011500,-0.057000,0.030000,0.281000,-0.960000,1.630796,-2.621593,0.028500,0,0,0,3.856548,0.000000,3.824080,0.000000,1,0,3.824080,0,142,0.000000,0.591667,0,1,0,0,0,30.000000,80.000000,55.000000,51.175920,0,0,0
2026-05-14T15:49:27.746344,173.345833,6.066667,P00,visual_only,1,0,1,AUTO_WAIT,,none,0,-0.011500,-0.057000,0.030000,0.281000,-0.960000,1.630796,-2.621593,0.028500,0,0,0,3.918473,0.000000,3.891510,0.000000,1,0,3.891510,0,155,0.000000,0.645833,0,1,0,0,0,30.000000,80.000000,55.000000,51.108490,0,0,0
2026-05-14T15:49:27.948164,173.400000,6.120833,P00,visual_only,1,0,1,AUTO_WAIT,,none,0,-0.011500,-0.057000,0.030000,0.281000,-0.960000,1.630796,-2.621593,0.028500,0,0,0,3.970547,0.000000,3.947868,0.000000,1,0,3.947868,0,168,0.000000,0.700000,0,1,0,0,0,30.000000,80.000000,55.000000,51.052132,0,0,0
2026-05-14T15:49:28.149771,173.454167,6.175000,P00,visual_only,1,0,1,AUTO_WAIT,,none,0,-0.011500,-0.057000,0.030000,0.281000,-0.960000,1.630796,-2.621593,0.028500,0,0,0,4.014977,0.000000,3.995627,0.000000,1,0,3.995627,0,181,0.000000,0.754167,0,1,0,0,0,30.000000,80.000000,55.000000,51.004373,0,0,0
2026-05-14T15:49:28.350768,173.508333,6.229167,P00,visual_only,1,0,1,USER_CONTROL,E00011,none,0,0.002000,-0.057000,0.030000,0.281000,-0.960000,1.630796,-2.621593,0.042000,0,1,1,1.213571,0.000000,1.579760,0.000000,1,0,1.579760,0,194,0.000000,0.808333,0,1,0,0,0,30.000000,80.000000,55.000000,53.420240,0,0,0
2026-05-14T15:49:28.552109,173.562500,6.283333,P00,visual_only,1,0,1,AUTO_WAIT,,none,0,0.005000,-0.057000,0.030000,0.281000,-0.960000,1.630796,-2.621593,0.045000,0,0,0,0.000000,0.000000,0.191002,0.000000,0,0,0.191002,0,207,0.000000,0.862500,0,1,0,0,0,30.000000,80.000000,55.000000,54.808998,0,0,0
2026-05-14T15:49:28.751804,173.616667,6.337500,P00,visual_only,1,0,1,AUTO_WAIT,,none,0,0.005000,-0.057000,0.030000,0.281000,-0.960000,1.630796,-2.621593,0.045000,0,0,0,0.000000,0.000000,0.023093,0.000000,0,0,0.023093,0,220,0.000000,0.916667,0,1,0,0,0,30.000000,80.000000,55.000000,54.976907,0,0,0
2026-05-14T15:49:28.950373,173.670833,6.391667,P00,visual_only,1,0,1,AUTO_WAIT,,none,0,0.005000,-0.057000,0.030000,0.281000,-0.960000,1.630796,-2.621593,0.045000,0,0,0,0.000000,0.000000,0.002792,0.000000,0,0,0.002792,0,233,0.000000,0.970833,0,1,0,0,0,30.000000,80.000000,55.000000,54.997208,0,0,0
2026-05-14T15:49:29.147216,173.725000,6.445833,P00,visual_only,1,0,1,AUTO_WAIT,,none,0,0.005000,-0.057000,0.030000,0.281000,-0.960000,1.630796,-2.621593,0.045000,0,0,0,0.000000,0.000000,0.000338,0.000000,0,0,0.000338,0,246,0.000000,1.025000,0,1,0,0,0,30.000000,80.000000,55.000000,54.999662,0,0,0
2026-05-14T15:49:29.349414,173.779167,6.500000,P00,visual_only,1,0,1,AUTO_WAIT,,none,0,0.005000,-0.057000,0.030000,0.281000,-0.960000,1.630796,-2.621593,0.045000,0,0,0,0.000000,0.000000,0.000041,0.000000,0,0,0.000041,0,259,0.000000,1.079167,0,1,0,0,0,30.000000,80.000000,55.000000,54.999959,0,0,0
2026-05-14T15:49:29.551211,173.833333,6.554167,P00,visual_only,1,0,1,AUTO_WAIT,,none,0,0.005000,-0.057000,0.030000,0.281000,-0.960000,1.630796,-2.621593,0.045000,0,0,0,0.000000,0.000000,0.000005,0.000000,0,0,0.000005,0,272,0.000000,1.133333,0,1,0,0,0,30.000000,80.000000,55.000000,54.999995,0,0,0
2026-05-14T15:49:29.752250,173.887500,6.608333,P00,visual_only,1,0,1,AUTO_WAIT,,none,0,0.005000,-0.057000,0.030000,0.281000,-0.960000,1.630796,-2.621593,0.045000,0,0,0,0.000000,0.000000,0.000001,0.000000,0,0,0.000001,0,285,0.000000,1.187500,0,1,0,0,0,30.000000,80.000000,55.000000,54.999999,0,0,0
2026-05-14T15:49:29.953772,173.941667,6.662500,P00,visual_only,1,0,1,AUTO_WAIT,,none,0,0.005000,-0.057000,0.030000,0.281000,-0.960000,1.630796,-2.621593,0.045000,0,0,0,0.000000,0.000000,0.000000,0.000000,0,0,0.000000,0,298,0.000000,1.241667,0,1,0,0,0,30.000000,80.000000,55.000000,55.000000,0,0,0
2026-05-14T15:49:30.155451,173.995833,6.716667,P00,visual_only,1,0,1,AUTO_WAIT,,none,0,0.005000,-0.057000,0.030000,0.281000,-0.960000,1.630796,-2.621593,0.045000,0,0,0,0.000000,0.000000,0.000000,0.000000,0,0,0.000000,0,311,0.000000,1.295833,0,1,0,0,0,30.000000,80.000000,55.000000,55.000000,0,0,0
2026-05-14T15:49:30.354765,174.050000,6.770833,P00,visual_only,1,0,1,AUTO_WAIT,,none,0,0.005000,-0.057000,0.030000,0.281000,-0.960000,1.630796,-2.621593,0.045000,0,0,0,0.000000,0.000000,0.000000,0.000000,0,0,0.000000,0,324,0.000000,1.350000,0,1,0,0,0,30.000000,80.000000,55.000000,55.000000,0,0,0
2026-05-14T15:49:30.557022,174.104167,6.825000,P00,visual_only,1,0,1,AUTO_WAIT,,none,0,0.005000,-0.057000,0.030000,0.281000,-0.960000,1.630796,-2.621593,0.045000,0,0,0,0.000000,0.000000,0.000000,0.000000,0,0,0.000000,0,337,0.000000,1.404167,0,1,0,0,0,30.000000,80.000000,55.000000,55.000000,0,0,0
2026-05-14T15:49:30.757720,174.158333,6.879167,P00,visual_only,1,0,1,AUTO_WAIT,,none,0,0.005000,-0.057000,0.030000,0.281000,-0.960000,1.630796,-2.621593,0.045000,0,0,0,0.000000,0.000000,0.000000,0.000000,0,0,0.000000,0,350,0.000000,1.458333,0,1,0,0,0,30.000000,80.000000,55.000000,55.000000,0,0,0
2026-05-14T15:49:30.956434,174.212500,6.933333,P00,visual_only,1,0,1,USER_CONTROL,E00012,none,0,-0.005500,-0.057000,0.030000,0.281000,-0.960000,1.630796,-2.621593,0.034500,1,0,1,0.000000,0.000000,0.000000,0.000000,0,0,0.000000,0,363,0.000000,1.512500,0,1,0,0,0,30.000000,80.000000,55.000000,55.000000,0,0,0
2026-05-14T15:49:31.155961,174.266667,6.987500,P00,visual_only,1,0,1,USER_CONTROL,,none,0,-0.025000,-0.057000,0.030000,0.281000,-0.960000,1.630796,-2.621593,0.015000,1,0,1,0.000000,0.000000,0.000000,0.000000,0,0,0.000000,0,376,0.000000,1.566667,0,1,0,0,0,30.000000,80.000000,55.000000,55.000000,0,0,0
2026-05-14T15:49:31.357847,174.320833,7.041667,P00,visual_only,1,0,1,USER_CONTROL,,none,0,-0.040000,-0.057000,0.030000,0.281000,-0.960000,1.630796,-2.621593,0.000000,1,0,1,4.315964,0.000000,3.828818,0.000000,1,0,3.828818,0,389,0.000000,1.620833,0,1,0,0,0,30.000000,80.000000,55.000000,51.171182,0,0,0
2026-05-14T15:49:31.559682,174.375000,7.095833,P00,visual_only,1,0,1,AUTO_WAIT,,none,0,-0.040000,-0.057000,0.030000,0.281000,-0.960000,1.630796,-2.621593,0.000000,0,0,0,5.976300,0.000000,5.028420,0.000000,1,1,5.028420,1,0,0.004167,0.000000,0,0,1,0,1,30.000000,80.000000,55.000000,49.971580,0,0,0
2026-05-14T15:49:31.760801,174.429167,7.150000,P00,visual_only,1,0,1,AUTO_WAIT,,none,0,-0.040000,-0.057000,0.030000,0.281000,-0.960000,1.630796,-2.621593,0.000000,0,0,0,7.300659,0.000000,7.569660,0.000000,1,1,7.569660,14,0,0.058333,0.000000,0,0,1,0,1,30.000000,80.000000,55.000000,47.430340,0,0,0
2026-05-14T15:49:31.961791,174.483333,7.204167,P00,visual_only,1,0,1,AUTO_WAIT,,none,0,-0.040000,-0.057000,0.030000,0.281000,-0.960000,1.630796,-2.621593,0.000000,0,0,0,7.468975,0.000000,8.268651,0.000000,1,1,8.268651,27,0,0.112500,0.000000,1,0,1,0,1,30.000000,80.000000,55.000000,46.731349,0,0,0
2026-05-14T15:49:32.161841,174.537500,7.258333,P00,visual_only,1,0,1,AUTO_WAIT,,none,0,-0.040000,-0.057000,0.030000,0.281000,-0.960000,1.630796,-2.621593,0.000000,0,0,0,15.975585,2.168713,9.524299,0.661645,1,1,10.185943,40,0,0.166667,0.000000,1,0,1,0,1,30.000000,80.000000,55.000000,44.814057,0,0,0
2026-05-14T15:49:32.361857,174.591667,7.312500,P00,visual_only,1,0,1,AUTO_WAIT,,none,0,-0.040000,-0.057000,0.030000,0.281000,-0.960000,1.630796,-2.621593,0.000000,0,0,0,7.753504,0.500032,8.972234,0.553009,1,1,9.525244,53,0,0.220833,0.000000,1,0,1,0,1,30.000000,80.000000,55.000000,45.474756,0,0,0
2026-05-14T15:49:32.558688,174.645833,7.366667,P00,visual_only,1,0,1,AUTO_WAIT,,none,0,-0.040000,-0.057000,0.030000,0.281000,-0.960000,1.630796,-2.621593,0.000000,0,0,0,7.762430,0.403416,9.381494,0.731840,1,1,10.113334,66,0,0.275000,0.000000,1,0,1,0,1,30.000000,80.000000,55.000000,44.886666,0,0,0
2026-05-14T15:49:32.759229,174.700000,7.420833,P00,visual_only,1,0,1,AUTO_WAIT,,none,0,-0.040000,-0.057000,0.030000,0.281000,-0.960000,1.630796,-2.621593,0.000000,0,0,0,7.804909,0.539449,9.548264,0.853405,1,1,10.401669,79,0,0.329167,0.000000,1,0,1,0,1,30.000000,80.000000,55.000000,44.598331,0,0,0
2026-05-14T15:49:32.957038,174.754167,7.475000,P00,visual_only,1,0,1,AUTO_WAIT,,none,0,-0.040000,-0.057000,0.030000,0.281000,-0.960000,1.630796,-2.621593,0.000000,0,0,0,5.283041,3.562854,9.828792,1.708858,1,1,11.537650,92,0,0.383333,0.000000,1,0,1,0,1,30.000000,80.000000,55.000000,43.462350,0,0,0
2026-05-14T15:49:33.158362,174.808333,7.529167,P00,visual_only,1,0,1,AUTO_WAIT,E00013,none,0,-0.040000,-0.057000,0.030000,0.281000,-0.960000,1.630796,-2.621593,0.000000,0,0,0,28.559439,133.296809,17.689607,42.798999,1,1,60.488606,105,0,0.437500,0.000000,1,0,1,1,1,30.000000,80.000000,55.000000,5.488606,1,0,0
2026-05-14T15:49:33.360174,174.862500,7.583333,P00,visual_only,1,0,1,AUTO_WAIT,E00014|E00015,none,0,-0.040000,-0.057000,0.030000,0.281000,-0.960000,1.630796,-2.621593,0.000000,0,0,0,0.000000,22.075540,7.019804,30.184229,1,1,37.204032,118,0,0.491667,0.000000,1,0,1,1,1,30.000000,80.000000,55.000000,17.795968,1,0,0
2026-05-14T15:49:33.559809,174.916667,7.637500,P00,visual_only,1,0,1,AUTO_WAIT,E00016,none,0,-0.040000,-0.057000,0.030000,0.281000,-0.960000,1.630796,-2.621593,0.000000,0,0,0,0.000000,17.672176,0.848733,19.659372,2,1,20.508105,131,0,0.545833,0.000000,1,0,0,1,1,30.000000,80.000000,55.000000,34.491895,0,0,0
2026-05-14T15:49:33.761657,174.970833,7.691667,P00,visual_only,1,0,1,AUTO_WAIT,,none,0,-0.040000,-0.057000,0.030000,0.281000,-0.960000,1.630796,-2.621593,0.000000,0,0,0,0.000000,18.810866,0.102616,18.647768,2,1,18.750385,144,0,0.600000,0.000000,1,0,0,1,1,30.000000,80.000000,55.000000,36.249615,0,0,0
2026-05-14T15:49:33.962524,175.025000,7.745833,P00,visual_only,1,0,1,AUTO_WAIT,E00017,none,0,-0.040000,-0.057000,0.030000,0.281000,-0.960000,1.630796,-2.621593,0.000000,0,0,0,0.000000,36.809934,0.012407,30.561402,2,1,30.573809,157,0,0.654167,0.000000,1,0,0,1,1,30.000000,80.000000,55.000000,24.426191,1,0,0
2026-05-14T15:49:34.163714,175.079167,7.800000,P00,visual_only,1,0,1,AUTO_WAIT,,none,0,-0.040000,-0.057000,0.030000,0.281000,-0.960000,1.630796,-2.621593,0.000000,0,0,0,0.000000,42.468482,0.001500,39.740717,2,1,39.742217,170,0,0.708333,0.000000,1,0,0,1,1,30.000000,80.000000,55.000000,15.257783,1,0,0
2026-05-14T15:49:34.363324,175.133333,7.854167,P00,visual_only,1,0,1,AUTO_WAIT,,none,0,-0.040000,-0.057000,0.030000,0.281000,-0.960000,1.630796,-2.621593,0.000000,0,0,0,0.000000,44.892602,0.000181,44.054129,2,1,44.054311,183,0,0.762500,0.000000,1,0,0,1,1,30.000000,80.000000,55.000000,10.945689,1,0,0
2026-05-14T15:49:34.563960,175.187500,7.908333,P00,visual_only,1,0,1,AUTO_WAIT,,none,0,-0.040000,-0.057000,0.030000,0.281000,-0.960000,1.630796,-2.621593,0.000000,0,0,0,0.000000,44.724281,0.000022,44.677871,2,1,44.677893,196,0,0.816667,0.000000,1,0,0,1,1,30.000000,80.000000,55.000000,10.322107,1,0,0
2026-05-14T15:49:34.767300,175.241667,7.962500,P00,visual_only,1,0,1,AUTO_WAIT,,none,0,-0.040000,-0.057000,0.030000,0.281000,-0.960000,1.630796,-2.621593,0.000000,0,0,0,0.000000,44.660252,0.000003,44.675044,2,1,44.675047,209,0,0.870833,0.000000,1,0,0,1,1,30.000000,80.000000,55.000000,10.324953,1,0,0
2026-05-14T15:49:34.967399,175.295833,8.016667,P00,visual_only,1,0,1,AUTO_WAIT,,none,0,-0.040000,-0.057000,0.030000,0.281000,-0.960000,1.630796,-2.621593,0.000000,0,0,0,0.000000,44.636171,0.000000,44.652972,2,1,44.652973,222,0,0.925000,0.000000,1,0,0,1,1,30.000000,80.000000,55.000000,10.347027,1,0,0
2026-05-14T15:49:35.167423,175.350000,8.070833,P00,visual_only,1,0,1,AUTO_WAIT,,none,0,-0.040000,-0.057000,0.030000,0.281000,-0.960000,1.630796,-2.621593,0.000000,0,0,0,0.000000,44.648753,0.000000,44.646760,2,1,44.646760,235,0,0.979167,0.000000,1,0,0,1,1,30.000000,80.000000,55.000000,10.353240,1,0,0
2026-05-14T15:49:35.369812,175.404167,8.125000,P00,visual_only,1,0,1,AUTO_WAIT,,none,0,-0.040000,-0.057000,0.030000,0.281000,-0.960000,1.630796,-2.621593,0.000000,0,0,0,0.000000,44.612697,0.000000,44.629633,2,1,44.629633,248,0,1.033333,0.000000,1,0,0,1,1,30.000000,80.000000,55.000000,10.370367,1,0,0
2026-05-14T15:49:35.571246,175.458333,8.179167,P00,visual_only,1,0,1,AUTO_WAIT,,none,0,-0.040000,-0.057000,0.030000,0.281000,-0.960000,1.630796,-2.621593,0.000000,0,0,0,0.000000,44.608959,0.000000,44.612675,2,1,44.612675,261,0,1.087500,0.000000,1,0,0,1,1,30.000000,80.000000,55.000000,10.387325,1,0,0
2026-05-14T15:49:35.771471,175.512500,8.233333,P00,visual_only,1,0,1,AUTO_WAIT,,none,0,-0.040000,-0.057000,0.030000,0.281000,-0.960000,1.630796,-2.621593,0.000000,0,0,0,0.000000,44.570294,0.000000,44.588382,2,1,44.588382,274,0,1.141667,0.000000,1,0,0,1,1,30.000000,80.000000,55.000000,10.411618,1,0,0
2026-05-14T15:49:35.970790,175.566667,8.287500,P00,visual_only,1,0,1,AUTO_WAIT,,none,0,-0.040000,-0.057000,0.030000,0.281000,-0.960000,1.630796,-2.621593,0.000000,0,0,0,0.000000,44.565224,0.000000,44.569696,2,1,44.569696,287,0,1.195833,0.000000,1,0,0,1,1,30.000000,80.000000,55.000000,10.430304,1,0,0
2026-05-14T15:49:36.170597,175.620833,8.341667,P00,visual_only,1,0,1,AUTO_WAIT,,none,0,-0.040000,-0.057000,0.030000,0.281000,-0.960000,1.630796,-2.621593,0.000000,0,0,0,0.000000,44.533053,0.000000,44.547946,2,1,44.547946,300,0,1.250000,0.000000,1,0,0,1,1,30.000000,80.000000,55.000000,10.452054,1,0,0
2026-05-14T15:49:36.368960,175.675000,8.395833,P00,visual_only,1,0,1,AUTO_WAIT,,none,0,-0.040000,-0.057000,0.030000,0.281000,-0.960000,1.630796,-2.621593,0.000000,0,0,0,0.000000,44.526779,0.000000,44.530417,2,1,44.530417,313,0,1.304167,0.000000,1,0,0,1,1,30.000000,80.000000,55.000000,10.469583,1,0,0
2026-05-14T15:49:36.570182,175.729167,8.450000,P00,visual_only,1,0,1,AUTO_WAIT,,none,0,-0.040000,-0.057000,0.030000,0.281000,-0.960000,1.630796,-2.621593,0.000000,0,0,0,0.000000,44.503197,0.000000,44.514091,2,1,44.514091,326,0,1.358333,0.000000,1,0,0,1,1,30.000000,80.000000,55.000000,10.485909,1,0,0
2026-05-14T15:49:36.770314,175.783333,8.504167,P00,visual_only,1,0,1,AUTO_WAIT,,none,0,-0.040000,-0.057000,0.030000,0.281000,-0.960000,1.630796,-2.621593,0.000000,0,0,0,0.000000,44.497238,0.000000,44.500103,2,1,44.500103,339,0,1.412500,0.000000,1,0,0,1,1,30.000000,80.000000,55.000000,10.499897,1,0,0
2026-05-14T15:49:36.968134,175.837500,8.558333,P00,visual_only,1,0,1,AUTO_WAIT,,none,0,-0.040000,-0.057000,0.030000,0.281000,-0.960000,1.630796,-2.621593,0.000000,0,0,0,0.000000,44.480546,0.000000,44.487893,2,1,44.487893,352,0,1.466667,0.000000,1,0,0,1,1,30.000000,80.000000,55.000000,10.512107,1,0,0
2026-05-14T15:49:37.168845,175.891667,8.612500,P00,visual_only,1,0,1,AUTO_WAIT,,none,0,-0.040000,-0.057000,0.030000,0.281000,-0.960000,1.630796,-2.621593,0.000000,0,0,0,0.000000,44.476178,0.000000,44.478140,2,1,44.478140,365,0,1.520833,0.000000,1,0,0,1,1,30.000000,80.000000,55.000000,10.521860,1,0,0
2026-05-14T15:49:37.368062,175.945833,8.666667,P00,visual_only,1,0,1,AUTO_WAIT,,none,0,-0.040000,-0.057000,0.030000,0.281000,-0.960000,1.630796,-2.621593,0.000000,0,0,0,0.000000,44.469072,0.000000,44.471174,2,1,44.471174,378,0,1.575000,0.000000,1,0,0,1,1,30.000000,80.000000,55.000000,10.528826,1,0,0
2026-05-14T15:49:37.569140,176.000000,8.720833,P00,visual_only,1,0,1,AUTO_WAIT,,none,0,-0.040000,-0.057000,0.030000,0.281000,-0.960000,1.630796,-2.621593,0.000000,0,0,0,0.000000,44.462201,0.000000,44.465277,2,1,44.465277,391,0,1.629167,0.000000,1,0,0,1,1,30.000000,80.000000,55.000000,10.534723,1,0,0
2026-05-14T15:49:37.769042,176.054167,8.775000,P00,visual_only,1,0,1,AUTO_WAIT,,none,0,-0.040000,-0.057000,0.030000,0.281000,-0.960000,1.630796,-2.621593,0.000000,0,0,0,0.000000,44.462143,0.000000,44.462341,2,1,44.462341,404,0,1.683333,0.000000,1,0,0,1,1,30.000000,80.000000,55.000000,10.537659,1,0,0
2026-05-14T15:49:37.970833,176.108333,8.829167,P00,visual_only,1,0,1,AUTO_WAIT,,none,0,-0.040000,-0.057000,0.030000,0.281000,-0.960000,1.630796,-2.621593,0.000000,0,0,0,0.000000,44.459992,0.000000,44.460872,2,1,44.460872,417,0,1.737500,0.000000,1,0,0,1,1,30.000000,80.000000,55.000000,10.539128,1,0,0
2026-05-14T15:49:38.170956,176.162500,8.883333,P00,visual_only,1,0,1,AUTO_WAIT,,none,0,-0.040000,-0.057000,0.030000,0.281000,-0.960000,1.630796,-2.621593,0.000000,0,0,0,0.000000,44.461358,0.000000,44.460956,2,1,44.460956,430,0,1.791667,0.000000,1,0,0,1,1,30.000000,80.000000,55.000000,10.539044,1,0,0
2026-05-14T15:49:38.371811,176.216667,8.937500,P00,visual_only,1,0,1,USER_CONTROL,E00018,none,0,-0.028000,-0.057000,0.030000,0.281000,-0.960000,1.630796,-2.621593,0.012000,0,1,1,0.000000,44.463974,0.000000,44.462762,2,1,44.462762,443,0,1.845833,0.000000,1,0,0,1,1,30.000000,80.000000,55.000000,10.537238,1,0,0
2026-05-14T15:49:38.570935,176.270833,8.991667,P00,visual_only,1,0,1,USER_CONTROL,E00019,none,0,-0.008500,-0.057000,0.030000,0.281000,-0.960000,1.630796,-2.621593,0.031500,0,1,1,1.846741,0.000000,0.421940,6.329865,1,0,6.751805,456,0,1.900000,0.000000,1,0,0,1,1,30.000000,80.000000,55.000000,48.248195,0,0,0
2026-05-14T15:49:38.770532,176.325000,9.045833,P00,visual_only,1,0,1,AUTO_WAIT,,none,0,-0.007000,-0.057000,0.030000,0.281000,-0.960000,1.630796,-2.621593,0.033000,0,0,0,2.718292,0.000000,2.721111,0.765315,1,0,3.486426,0,11,0.000000,0.045833,0,0,0,0,0,30.000000,80.000000,55.000000,51.513574,0,0,0
2026-05-14T15:49:38.972081,176.379167,9.100000,P00,visual_only,1,0,1,AUTO_WAIT,,none,0,-0.007000,-0.057000,0.030000,0.281000,-0.960000,1.630796,-2.621593,0.033000,0,0,0,2.470649,0.000000,2.546100,0.092531,1,0,2.638630,0,24,0.000000,0.100000,0,0,0,0,0,30.000000,80.000000,55.000000,52.361370,0,0,0
2026-05-14T15:49:39.173077,176.433333,9.154167,P00,visual_only,1,0,1,AUTO_WAIT,,none,0,-0.007000,-0.057000,0.030000,0.281000,-0.960000,1.630796,-2.621593,0.033000,0,0,0,0.000000,0.000000,0.429424,0.011187,1,0,0.440611,0,37,0.000000,0.154167,0,0,0,0,0,30.000000,80.000000,55.000000,54.559389,0,0,0
2026-05-14T15:49:39.371502,176.487500,9.208333,P00,visual_only,1,0,1,AUTO_WAIT,,none,0,-0.007000,-0.057000,0.030000,0.281000,-0.960000,1.630796,-2.621593,0.033000,0,0,0,0.000000,0.000000,0.051920,0.001353,0,0,0.053272,0,50,0.000000,0.208333,0,1,0,0,0,30.000000,80.000000,55.000000,54.946728,0,0,0
2026-05-14T15:49:39.572144,176.541667,9.262500,P00,visual_only,1,0,1,AUTO_WAIT,,none,0,-0.007000,-0.057000,0.030000,0.281000,-0.960000,1.630796,-2.621593,0.033000,0,0,0,0.000000,0.000000,0.006277,0.000164,0,0,0.006441,0,63,0.000000,0.262500,0,1,0,0,0,30.000000,80.000000,55.000000,54.993559,0,0,0
2026-05-14T15:49:39.772825,176.595833,9.316667,P00,visual_only,1,0,1,AUTO_WAIT,,none,0,-0.007000,-0.057000,0.030000,0.281000,-0.960000,1.630796,-2.621593,0.033000,0,0,0,0.000000,0.000000,0.000759,0.000020,0,0,0.000779,0,76,0.000000,0.316667,0,1,0,0,0,30.000000,80.000000,55.000000,54.999221,0,0,0
2026-05-14T15:49:39.973971,176.650000,9.370833,P00,visual_only,1,0,1,USER_CONTROL,E00020,none,0,-0.022000,-0.057000,0.030000,0.281000,-0.960000,1.630796,-2.621593,0.018000,1,0,1,17.883653,0.000000,7.431326,0.000002,1,0,7.431328,2,0,0.008333,0.000000,0,0,1,0,1,30.000000,80.000000,55.000000,47.568672,0,0,0
2026-05-14T15:49:40.177639,176.704167,9.425000,P00,visual_only,1,0,1,USER_CONTROL,,none,0,-0.040000,-0.057000,0.030000,0.281000,-0.960000,1.630796,-2.621593,0.000000,1,0,1,0.000000,0.000000,1.270550,0.000000,1,1,1.270551,0,9,0.000000,0.037500,0,0,0,0,0,30.000000,80.000000,55.000000,53.729449,0,0,0
2026-05-14T15:49:40.380128,176.758333,9.479167,P00,visual_only,1,0,1,USER_CONTROL,,none,0,-0.040000,-0.057000,0.030000,0.281000,-0.960000,1.630796,-2.621593,0.000000,1,0,1,0.000000,3.479484,0.153617,1.725874,2,1,1.879490,0,22,0.000000,0.091667,0,0,0,0,0,30.000000,80.000000,55.000000,53.120510,0,0,0
2026-05-14T15:49:40.579187,176.812500,9.533333,P00,visual_only,1,0,1,AUTO_WAIT,,none,0,-0.040000,-0.057000,0.030000,0.281000,-0.960000,1.630796,-2.621593,0.000000,0,0,0,0.000000,7.052026,0.018573,5.721044,2,1,5.739617,3,0,0.012500,0.000000,0,0,0,1,1,30.000000,80.000000,55.000000,49.260383,0,0,0
2026-05-14T15:49:40.779017,176.866667,9.587500,P00,visual_only,1,0,1,AUTO_WAIT,,none,0,-0.040000,-0.057000,0.030000,0.281000,-0.960000,1.630796,-2.621593,0.000000,0,0,0,0.000000,10.192221,0.002246,8.832662,2,1,8.834908,16,0,0.066667,0.000000,0,0,0,1,1,30.000000,80.000000,55.000000,46.165092,0,0,0
2026-05-14T15:49:40.979234,176.920833,9.641667,P00,visual_only,1,0,1,AUTO_WAIT,,none,0,-0.040000,-0.057000,0.030000,0.281000,-0.960000,1.630796,-2.621593,0.000000,0,0,0,0.000000,11.494842,0.000272,10.958431,2,1,10.958702,29,0,0.120833,0.000000,1,0,0,1,1,30.000000,80.000000,55.000000,44.041298,0,0,0
2026-05-14T15:49:41.180992,176.975000,9.695833,P00,visual_only,1,0,1,AUTO_WAIT,,none,0,-0.040000,-0.057000,0.030000,0.281000,-0.960000,1.630796,-2.621593,0.000000,0,0,0,0.000000,11.662764,0.000033,11.559810,2,1,11.559842,42,0,0.175000,0.000000,1,0,0,1,1,30.000000,80.000000,55.000000,43.440158,0,0,0
2026-05-14T15:49:41.382035,177.029167,9.750000,P00,visual_only,1,0,1,AUTO_WAIT,,none,0,-0.040000,-0.057000,0.030000,0.281000,-0.960000,1.630796,-2.621593,0.000000,0,0,0,0.000000,11.602457,0.000004,11.618134,2,1,11.618138,55,0,0.229167,0.000000,1,0,0,1,1,30.000000,80.000000,55.000000,43.381862,0,0,0
2026-05-14T15:49:41.582722,177.083333,9.804167,P00,visual_only,1,0,1,AUTO_WAIT,,none,0,-0.040000,-0.057000,0.030000,0.281000,-0.960000,1.630796,-2.621593,0.000000,0,0,0,0.000000,11.507629,0.000000,11.546001,2,1,11.546001,68,0,0.283333,0.000000,1,0,0,1,1,30.000000,80.000000,55.000000,43.453999,0,0,0
2026-05-14T15:49:41.780173,177.137500,9.858333,P00,visual_only,1,0,1,AUTO_WAIT,,none,0,-0.040000,-0.057000,0.030000,0.281000,-0.960000,1.630796,-2.621593,0.000000,0,0,0,0.000000,11.418205,0.000000,11.456487,2,1,11.456487,81,0,0.337500,0.000000,1,0,0,1,1,30.000000,80.000000,55.000000,43.543513,0,0,0
2026-05-14T15:49:41.979986,177.191667,9.912500,P00,visual_only,1,0,1,AUTO_WAIT,,none,0,-0.040000,-0.057000,0.030000,0.281000,-0.960000,1.630796,-2.621593,0.000000,0,0,0,0.000000,11.330826,0.000000,11.368777,2,1,11.368777,94,0,0.391667,0.000000,1,0,0,1,1,30.000000,80.000000,55.000000,43.631223,0,0,0
2026-05-14T15:49:42.182438,177.245833,9.966667,P00,visual_only,1,0,1,AUTO_WAIT,,none,0,-0.040000,-0.057000,0.030000,0.281000,-0.960000,1.630796,-2.621593,0.000000,0,0,0,0.000000,11.246119,0.000000,11.283052,2,1,11.283052,107,0,0.445833,0.000000,1,0,0,1,1,30.000000,80.000000,55.000000,43.716948,0,0,0
2026-05-14T15:49:42.382549,177.300000,10.020833,P00,visual_only,1,0,1,AUTO_WAIT,,none,0,-0.040000,-0.057000,0.030000,0.281000,-0.960000,1.630796,-2.621593,0.000000,0,0,0,0.000000,11.163127,0.000000,11.199310,2,1,11.199310,120,0,0.500000,0.000000,1,0,0,1,1,30.000000,80.000000,55.000000,43.800690,0,0,0
2026-05-14T15:49:42.581388,177.354167,10.075000,P00,visual_only,1,0,1,AUTO_WAIT,,none,0,-0.040000,-0.057000,0.030000,0.281000,-0.960000,1.630796,-2.621593,0.000000,0,0,0,0.000000,11.081014,0.000000,11.116821,2,1,11.116821,133,0,0.554167,0.000000,1,0,0,1,1,30.000000,80.000000,55.000000,43.883179,0,0,0
2026-05-14T15:49:42.782015,177.408333,10.129167,P00,visual_only,1,0,1,AUTO_WAIT,,none,0,-0.040000,-0.057000,0.030000,0.281000,-0.960000,1.630796,-2.621593,0.000000,0,0,0,0.000000,10.999907,0.000000,11.035211,2,1,11.035211,146,0,0.608333,0.000000,1,0,0,1,1,30.000000,80.000000,55.000000,43.964789,0,0,0
2026-05-14T15:49:42.981573,177.462500,10.183333,P00,visual_only,1,0,1,AUTO_WAIT,,none,0,-0.040000,-0.057000,0.030000,0.281000,-0.960000,1.630796,-2.621593,0.000000,0,0,0,0.000000,10.918550,0.000000,10.954066,2,1,10.954066,159,0,0.662500,0.000000,1,0,0,1,1,30.000000,80.000000,55.000000,44.045934,0,0,0
2026-05-14T15:49:43.181211,177.516667,10.237500,P00,visual_only,1,0,1,AUTO_WAIT,,none,0,-0.040000,-0.057000,0.030000,0.281000,-0.960000,1.630796,-2.621593,0.000000,0,0,0,0.000000,10.836422,0.000000,10.872171,2,1,10.872171,172,0,0.716667,0.000000,1,0,0,1,1,30.000000,80.000000,55.000000,44.127829,0,0,0
2026-05-14T15:49:43.379278,177.570833,10.291667,P00,visual_only,1,0,1,AUTO_WAIT,,none,0,-0.040000,-0.057000,0.030000,0.281000,-0.960000,1.630796,-2.621593,0.000000,0,0,0,0.000000,10.753644,0.000000,10.789780,2,1,10.789780,185,0,0.770833,0.000000,1,0,0,1,1,30.000000,80.000000,55.000000,44.210220,0,0,0
2026-05-14T15:49:43.579916,177.625000,10.345833,P00,visual_only,1,0,1,AUTO_WAIT,,none,0,-0.040000,-0.057000,0.030000,0.281000,-0.960000,1.630796,-2.621593,0.000000,0,0,0,0.000000,10.669889,0.000000,10.706350,2,1,10.706350,198,0,0.825000,0.000000,1,0,0,1,1,30.000000,80.000000,55.000000,44.293650,0,0,0
2026-05-14T15:49:43.783442,177.679167,10.400000,P00,visual_only,1,0,1,AUTO_WAIT,,none,0,-0.040000,-0.057000,0.030000,0.281000,-0.960000,1.630796,-2.621593,0.000000,0,0,0,0.000000,11.419873,0.000000,10.894086,2,1,10.894086,211,0,0.879167,0.000000,1,0,0,1,1,30.000000,80.000000,55.000000,44.105914,0,0,0
2026-05-14T15:49:43.982293,177.733333,10.454167,P00,visual_only,1,0,1,AUTO_WAIT,,none,0,-0.040000,-0.057000,0.030000,0.281000,-0.960000,1.630796,-2.621593,0.000000,0,0,0,0.000000,11.545039,0.000000,11.383540,2,1,11.383540,224,0,0.933333,0.000000,1,0,0,1,1,30.000000,80.000000,55.000000,43.616460,0,0,0
2026-05-14T15:49:44.185353,177.787500,10.508333,P00,visual_only,1,0,1,AUTO_WAIT,,none,0,-0.040000,-0.057000,0.030000,0.281000,-0.960000,1.630796,-2.621593,0.000000,0,0,0,0.000000,11.692619,0.000000,11.644064,2,1,11.644064,237,0,0.987500,0.000000,1,0,0,1,1,30.000000,80.000000,55.000000,43.355936,0,0,0
2026-05-14T15:49:44.383963,177.841667,10.562500,P00,visual_only,1,0,1,AUTO_WAIT,,none,0,-0.040000,-0.057000,0.030000,0.281000,-0.960000,1.630796,-2.621593,0.000000,0,0,0,0.000000,11.600057,0.000000,11.633482,2,1,11.633482,250,0,1.041667,0.000000,1,0,0,1,1,30.000000,80.000000,55.000000,43.366518,0,0,0
2026-05-14T15:49:44.585697,177.895833,10.616667,P00,visual_only,1,0,1,AUTO_WAIT,,none,0,-0.040000,-0.057000,0.030000,0.281000,-0.960000,1.630796,-2.621593,0.000000,0,0,0,0.000000,11.486613,0.000000,11.533909,2,1,11.533909,263,0,1.095833,0.000000,1,0,0,1,1,30.000000,80.000000,55.000000,43.466091,0,0,0
2026-05-14T15:49:44.786969,177.950000,10.670833,P00,visual_only,1,0,1,AUTO_WAIT,,none,0,-0.040000,-0.057000,0.030000,0.281000,-0.960000,1.630796,-2.621593,0.000000,0,0,0,0.000000,11.376250,0.000000,11.424191,2,1,11.424191,276,0,1.150000,0.000000,1,0,0,1,1,30.000000,80.000000,55.000000,43.575809,0,0,0
2026-05-14T15:49:44.986635,178.004167,10.725000,P00,visual_only,1,0,1,AUTO_WAIT,,none,0,-0.040000,-0.057000,0.030000,0.281000,-0.960000,1.630796,-2.621593,0.000000,0,0,0,0.000000,11.264800,0.000000,11.313534,2,1,11.313534,289,0,1.204167,0.000000,1,0,0,1,1,30.000000,80.000000,55.000000,43.686466,0,0,0
2026-05-14T15:49:45.185730,178.058333,10.779167,P00,visual_only,1,0,1,AUTO_WAIT,,none,0,-0.040000,-0.057000,0.030000,0.281000,-0.960000,1.630796,-2.621593,0.000000,0,0,0,0.000000,11.153637,0.000000,11.201462,2,1,11.201462,302,0,1.258333,0.000000,1,0,0,1,1,30.000000,80.000000,55.000000,43.798538,0,0,0
2026-05-14T15:49:45.386644,178.112500,10.833333,P00,visual_only,1,0,1,AUTO_WAIT,,none,0,-0.040000,-0.057000,0.030000,0.281000,-0.960000,1.630796,-2.621593,0.000000,0,0,0,0.000000,11.048525,0.000000,11.094481,2,1,11.094481,315,0,1.312500,0.000000,1,0,0,1,1,30.000000,80.000000,55.000000,43.905519,0,0,0
2026-05-14T15:49:45.586427,178.166667,10.887500,P00,visual_only,1,0,1,AUTO_WAIT,,none,0,-0.040000,-0.057000,0.030000,0.281000,-0.960000,1.630796,-2.621593,0.000000,0,0,0,0.000000,10.943408,0.000000,10.989335,2,1,10.989335,328,0,1.366667,0.000000,1,0,0,1,1,30.000000,80.000000,55.000000,44.010665,0,0,0
2026-05-14T15:49:45.787069,178.220833,10.941667,P00,visual_only,1,0,1,AUTO_WAIT,,none,0,-0.040000,-0.057000,0.030000,0.281000,-0.960000,1.630796,-2.621593,0.000000,0,0,0,0.000000,10.836221,0.000000,10.883011,2,1,10.883011,341,0,1.420833,0.000000,1,0,0,1,1,30.000000,80.000000,55.000000,44.116989,0,0,0
2026-05-14T15:49:45.987014,178.275000,10.995833,P00,visual_only,1,0,1,AUTO_WAIT,,none,0,-0.040000,-0.057000,0.030000,0.281000,-0.960000,1.630796,-2.621593,0.000000,0,0,0,0.000000,10.726176,0.000000,10.774195,2,1,10.774195,354,0,1.475000,0.000000,1,0,0,1,1,30.000000,80.000000,55.000000,44.225805,0,0,0
2026-05-14T15:49:46.185635,178.329167,11.050000,P00,visual_only,1,0,1,AUTO_WAIT,,none,0,-0.040000,-0.057000,0.030000,0.281000,-0.960000,1.630796,-2.621593,0.000000,0,0,0,0.000000,10.613046,0.000000,10.662434,2,1,10.662434,367,0,1.529167,0.000000,1,0,0,1,1,30.000000,80.000000,55.000000,44.337566,0,0,0
2026-05-14T15:49:46.386286,178.383333,11.104167,P00,visual_only,1,0,1,AUTO_WAIT,,none,0,-0.040000,-0.057000,0.030000,0.281000,-0.960000,1.630796,-2.621593,0.000000,0,0,0,0.000000,10.495831,0.000000,10.546897,2,1,10.546897,380,0,1.583333,0.000000,1,0,0,1,1,30.000000,80.000000,55.000000,44.453103,0,0,0
2026-05-14T15:49:46.586040,178.437500,11.158333,P00,visual_only,1,0,1,AUTO_WAIT,,none,0,-0.040000,-0.057000,0.030000,0.281000,-0.960000,1.630796,-2.621593,0.000000,0,0,0,0.000000,10.367727,0.000000,10.423662,2,1,10.423662,393,0,1.637500,0.000000,1,0,0,1,1,30.000000,80.000000,55.000000,44.576338,0,0,0
2026-05-14T15:49:46.786442,178.491667,11.212500,P00,visual_only,1,0,1,AUTO_WAIT,,none,0,-0.040000,-0.057000,0.030000,0.281000,-0.960000,1.630796,-2.621593,0.000000,0,0,0,0.000000,10.241286,0.000000,10.295952,2,1,10.295952,406,0,1.691667,0.000000,1,0,0,1,1,30.000000,80.000000,55.000000,44.704048,0,0,0
2026-05-14T15:49:46.985654,178.545833,11.266667,P00,visual_only,1,0,1,AUTO_WAIT,,none,0,-0.040000,-0.057000,0.030000,0.281000,-0.960000,1.630796,-2.621593,0.000000,0,0,0,0.000000,10.115134,0.000000,10.170264,2,1,10.170264,419,0,1.745833,0.000000,1,0,0,1,1,30.000000,80.000000,55.000000,44.829736,0,0,0
2026-05-14T15:49:47.186559,178.600000,11.320833,P00,visual_only,1,0,1,AUTO_WAIT,,none,0,-0.040000,-0.057000,0.030000,0.281000,-0.960000,1.630796,-2.621593,0.000000,0,0,0,0.000000,9.988056,0.000000,10.043587,2,1,10.043587,432,0,1.800000,0.000000,1,0,0,1,1,30.000000,80.000000,55.000000,44.956413,0,0,0
2026-05-14T15:49:47.384097,178.654167,11.375000,P00,visual_only,1,0,1,AUTO_WAIT,,none,0,-0.040000,-0.057000,0.030000,0.281000,-0.960000,1.630796,-2.621593,0.000000,0,0,0,0.000000,9.855608,0.000000,9.913931,2,1,9.913931,445,0,1.854167,0.000000,1,0,0,1,1,30.000000,80.000000,55.000000,45.086069,0,0,0
2026-05-14T15:49:47.583070,178.708333,11.429167,P00,visual_only,1,0,1,AUTO_WAIT,,none,0,-0.040000,-0.057000,0.030000,0.281000,-0.960000,1.630796,-2.621593,0.000000,0,0,0,0.000000,9.726171,0.000000,9.781666,2,1,9.781666,458,0,1.908333,0.000000,1,0,0,1,1,30.000000,80.000000,55.000000,45.218334,0,0,0
2026-05-14T15:49:47.782954,178.762500,11.483333,P00,visual_only,1,0,1,AUTO_WAIT,,none,0,-0.040000,-0.057000,0.030000,0.281000,-0.960000,1.630796,-2.621593,0.000000,0,0,0,0.000000,9.603148,0.000000,9.653282,2,1,9.653282,471,0,1.962500,0.000000,1,0,0,1,1,30.000000,80.000000,55.000000,45.346718,0,0,0
2026-05-14T15:49:47.983870,178.816667,11.537500,P00,visual_only,1,0,1,AUTO_WAIT,,none,0,-0.040000,-0.057000,0.030000,0.281000,-0.960000,1.630796,-2.621593,0.000000,0,0,0,0.000000,9.447475,0.000000,9.509707,2,1,9.509707,484,0,2.016667,0.000000,1,0,0,1,1,30.000000,80.000000,55.000000,45.490293,0,0,0
2026-05-14T15:49:48.183623,178.870833,11.591667,P00,visual_only,1,0,1,AUTO_WAIT,,none,0,-0.040000,-0.057000,0.030000,0.281000,-0.960000,1.630796,-2.621593,0.000000,0,0,0,0.000000,9.300944,0.000000,9.363757,2,1,9.363757,497,0,2.070833,0.000000,1,0,0,1,1,30.000000,80.000000,55.000000,45.636243,0,0,0
2026-05-14T15:49:48.380766,178.925000,11.645833,P00,visual_only,1,0,1,AUTO_WAIT,,none,0,-0.040000,-0.057000,0.030000,0.281000,-0.960000,1.630796,-2.621593,0.000000,0,0,0,0.000000,9.147624,0.000000,9.218852,2,1,9.218852,510,0,2.125000,0.000000,1,0,0,1,1,30.000000,80.000000,55.000000,45.781148,0,0,0
2026-05-14T15:49:48.580537,178.979167,11.700000,P00,visual_only,1,0,1,AUTO_WAIT,,none,0,-0.040000,-0.057000,0.030000,0.281000,-0.960000,1.630796,-2.621593,0.000000,0,0,0,0.000000,8.883476,0.000000,8.981611,2,1,8.981611,523,0,2.179167,0.000000,1,0,0,1,1,30.000000,80.000000,55.000000,46.018389,0,0,0
2026-05-14T15:49:48.781909,179.033333,11.754167,P00,visual_only,1,0,1,AUTO_WAIT,,none,0,-0.040000,-0.057000,0.030000,0.281000,-0.960000,1.630796,-2.621593,0.000000,0,0,0,0.000000,8.736933,0.000000,8.802329,2,1,8.802329,536,0,2.233333,0.000000,1,0,0,1,1,30.000000,80.000000,55.000000,46.197671,0,0,0
2026-05-14T15:49:48.982831,179.087500,11.808333,P00,visual_only,1,0,1,AUTO_WAIT,,none,0,-0.040000,-0.057000,0.030000,0.281000,-0.960000,1.630796,-2.621593,0.000000,0,0,0,0.000000,8.633878,0.000000,8.671889,2,1,8.671889,549,0,2.287500,0.000000,1,0,0,1,1,30.000000,80.000000,55.000000,46.328111,0,0,0
2026-05-14T15:49:49.182319,179.141667,11.862500,P00,visual_only,1,0,1,AUTO_WAIT,,none,0,-0.040000,-0.057000,0.030000,0.281000,-0.960000,1.630796,-2.621593,0.000000,0,0,0,0.000000,8.495198,0.000000,8.552491,2,1,8.552491,562,0,2.341667,0.000000,1,0,0,1,1,30.000000,80.000000,55.000000,46.447509,0,0,0
2026-05-14T15:49:49.384313,179.195833,11.916667,P00,visual_only,1,0,1,AUTO_WAIT,,none,0,-0.040000,-0.057000,0.030000,0.281000,-0.960000,1.630796,-2.621593,0.000000,0,0,0,0.000000,8.320758,0.000000,8.422201,2,1,8.422201,575,0,2.395833,0.000000,1,0,0,1,1,30.000000,80.000000,55.000000,46.577799,0,0,0
2026-05-14T15:49:49.586144,179.250000,11.970833,P00,visual_only,1,0,1,AUTO_WAIT,,none,0,-0.040000,-0.057000,0.030000,0.281000,-0.960000,1.630796,-2.621593,0.000000,0,0,0,0.000000,8.324490,0.000000,8.332120,2,1,8.332120,588,0,2.450000,0.000000,1,0,0,1,1,30.000000,80.000000,55.000000,46.667880,0,0,0
2026-05-14T15:49:49.784243,179.304167,12.025000,P00,visual_only,1,0,1,AUTO_WAIT,,none,0,-0.040000,-0.057000,0.030000,0.281000,-0.960000,1.630796,-2.621593,0.000000,0,0,0,0.000000,8.199481,0.000000,8.209667,2,1,8.209667,601,0,2.504167,0.000000,1,0,0,1,1,30.000000,80.000000,55.000000,46.790333,0,0,0
2026-05-14T15:49:49.985716,179.358333,12.079167,P00,visual_only,1,0,1,AUTO_WAIT,,none,0,-0.040000,-0.057000,0.030000,0.281000,-0.960000,1.630796,-2.621593,0.000000,0,0,0,0.000000,8.086127,0.000000,8.099240,2,1,8.099240,614,0,2.558333,0.000000,1,0,0,1,1,30.000000,80.000000,55.000000,46.900760,0,0,0
2026-05-14T15:49:50.185830,179.412500,12.133333,P00,visual_only,1,0,1,AUTO_WAIT,,none,0,-0.040000,-0.057000,0.030000,0.281000,-0.960000,1.630796,-2.621593,0.000000,0,0,0,0.000000,7.895679,0.000000,7.965251,2,1,7.965251,627,0,2.612500,0.000000,1,0,0,1,1,30.000000,80.000000,55.000000,47.034749,0,0,0
2026-05-14T15:49:50.387272,179.466667,12.187500,P00,visual_only,1,0,1,AUTO_WAIT,,none,0,-0.040000,-0.057000,0.030000,0.281000,-0.960000,1.630796,-2.621593,0.000000,0,0,0,0.000000,7.838079,0.000000,7.864260,2,1,7.864260,640,0,2.666667,0.000000,1,0,0,1,1,30.000000,80.000000,55.000000,47.135740,0,0,0
2026-05-14T15:49:50.586121,179.520833,12.241667,P00,visual_only,1,0,1,AUTO_WAIT,,none,0,-0.040000,-0.057000,0.030000,0.281000,-0.960000,1.630796,-2.621593,0.000000,0,0,0,0.000000,7.683962,0.000000,7.766349,2,1,7.766349,653,0,2.720833,0.000000,1,0,0,1,1,30.000000,80.000000,55.000000,47.233651,0,0,0
2026-05-14T15:49:50.786107,179.575000,12.295833,P00,visual_only,1,0,1,AUTO_WAIT,,none,0,-0.040000,-0.057000,0.030000,0.281000,-0.960000,1.630796,-2.621593,0.000000,0,0,0,0.000000,7.639555,0.000000,7.683893,2,1,7.683893,666,0,2.775000,0.000000,1,0,0,1,1,30.000000,80.000000,55.000000,47.316107,0,0,0
2026-05-14T15:49:50.986031,179.629167,12.350000,P00,visual_only,1,0,1,AUTO_WAIT,,none,0,-0.040000,-0.057000,0.030000,0.281000,-0.960000,1.630796,-2.621593,0.000000,0,0,0,0.000000,7.499618,0.000000,7.540605,2,1,7.540605,679,0,2.829167,0.000000,1,0,0,1,1,30.000000,80.000000,55.000000,47.459395,0,0,0
2026-05-14T15:49:51.185938,179.683333,12.404167,P00,visual_only,1,0,1,AUTO_WAIT,,none,0,-0.040000,-0.057000,0.030000,0.281000,-0.960000,1.630796,-2.621593,0.000000,0,0,0,0.000000,7.401053,0.000000,7.451456,2,1,7.451456,692,0,2.883333,0.000000,1,0,0,1,1,30.000000,80.000000,55.000000,47.548544,0,0,0
2026-05-14T15:49:51.385392,179.737500,12.458333,P00,visual_only,1,0,1,AUTO_WAIT,,none,0,-0.040000,-0.057000,0.030000,0.281000,-0.960000,1.630796,-2.621593,0.000000,0,0,0,0.000000,7.255419,0.000000,7.323157,2,1,7.323157,705,0,2.937500,0.000000,1,0,0,1,1,30.000000,80.000000,55.000000,47.676843,0,0,0
2026-05-14T15:49:51.584599,179.791667,12.512500,P00,visual_only,1,0,1,AUTO_WAIT,,none,0,-0.040000,-0.057000,0.030000,0.281000,-0.960000,1.630796,-2.621593,0.000000,0,0,0,0.000000,7.158260,0.000000,7.229251,2,1,7.229251,718,0,2.991667,0.000000,1,0,0,1,1,30.000000,80.000000,55.000000,47.770749,0,0,0
2026-05-14T15:49:51.783833,179.845833,12.566667,P00,visual_only,1,0,1,AUTO_WAIT,,none,0,-0.040000,-0.057000,0.030000,0.281000,-0.960000,1.630796,-2.621593,0.000000,0,0,0,0.000000,7.090050,0.000000,7.123936,2,1,7.123936,731,0,3.045833,0.000000,1,0,0,1,1,30.000000,80.000000,55.000000,47.876064,0,0,0
2026-05-14T15:49:51.982697,179.900000,12.620833,P00,visual_only,1,0,1,AUTO_WAIT,,none,0,-0.040000,-0.057000,0.030000,0.281000,-0.960000,1.630796,-2.621593,0.000000,0,0,0,0.000000,6.958630,0.000000,6.998201,2,1,6.998201,744,0,3.100000,0.000000,1,0,0,1,1,30.000000,80.000000,55.000000,48.001799,0,0,0
2026-05-14T15:49:52.184035,179.954167,12.675000,P00,visual_only,1,0,1,AUTO_WAIT,,none,0,-0.040000,-0.057000,0.030000,0.281000,-0.960000,1.630796,-2.621593,0.000000,0,0,0,0.000000,6.869135,0.000000,6.900427,2,1,6.900427,757,0,3.154167,0.000000,1,0,0,1,1,30.000000,80.000000,55.000000,48.099573,0,0,0
2026-05-14T15:49:52.383362,180.008333,12.729167,P00,visual_only,1,0,1,AUTO_WAIT,,none,0,-0.040000,-0.057000,0.030000,0.281000,-0.960000,1.630796,-2.621593,0.000000,0,0,0,0.000000,6.742290,0.000000,6.785759,2,1,6.785759,770,0,3.208333,0.000000,1,0,0,1,1,30.000000,80.000000,55.000000,48.214241,0,0,0
2026-05-14T15:49:52.586263,180.062500,12.783333,P00,visual_only,1,0,1,AUTO_WAIT,,none,0,-0.040000,-0.057000,0.030000,0.281000,-0.960000,1.630796,-2.621593,0.000000,0,0,0,0.000000,6.689894,0.000000,6.700628,2,1,6.700628,783,0,3.262500,0.000000,1,0,0,1,1,30.000000,80.000000,55.000000,48.299372,0,0,0
2026-05-14T15:49:52.786343,180.116667,12.837500,P00,visual_only,1,0,1,AUTO_WAIT,,none,0,-0.040000,-0.057000,0.030000,0.281000,-0.960000,1.630796,-2.621593,0.000000,0,0,0,0.000000,6.529439,0.000000,6.591166,2,1,6.591166,796,0,3.316667,0.000000,1,0,0,1,1,30.000000,80.000000,55.000000,48.408834,0,0,0
2026-05-14T15:49:52.985566,180.170833,12.891667,P00,visual_only,1,0,1,AUTO_WAIT,,none,0,-0.040000,-0.057000,0.030000,0.281000,-0.960000,1.630796,-2.621593,0.000000,0,0,0,0.000000,6.380089,0.000000,6.452566,2,1,6.452566,809,0,3.370833,0.000000,1,0,0,1,1,30.000000,80.000000,55.000000,48.547434,0,0,0
2026-05-14T15:49:53.185685,180.225000,12.945833,P00,visual_only,1,0,1,AUTO_WAIT,,none,0,-0.040000,-0.057000,0.030000,0.281000,-0.960000,1.630796,-2.621593,0.000000,0,0,0,0.000000,6.287246,0.000000,6.347789,2,1,6.347789,822,0,3.425000,0.000000,1,0,0,1,1,30.000000,80.000000,55.000000,48.652211,0,0,0
2026-05-14T15:49:53.389361,180.279167,13.000000,P00,visual_only,1,0,1,AUTO_WAIT,,none,0,-0.040000,-0.057000,0.030000,0.281000,-0.960000,1.630796,-2.621593,0.000000,0,0,0,0.000000,6.192706,0.000000,6.241961,2,1,6.241961,835,0,3.479167,0.000000,1,0,0,1,1,30.000000,80.000000,55.000000,48.758039,0,0,0
2026-05-14T15:49:53.586739,180.333333,13.054167,P00,visual_only,1,0,1,AUTO_WAIT,,none,0,-0.040000,-0.057000,0.030000,0.281000,-0.960000,1.630796,-2.621593,0.000000,0,0,0,0.000000,6.110834,0.000000,6.160006,2,1,6.160006,848,0,3.533333,0.000000,1,0,0,1,1,30.000000,80.000000,55.000000,48.839994,0,0,0
2026-05-14T15:49:53.785720,180.387500,13.108333,P00,visual_only,1,0,1,AUTO_WAIT,,none,0,-0.040000,-0.057000,0.030000,0.281000,-0.960000,1.630796,-2.621593,0.000000,0,0,0,0.000000,5.966573,0.000000,6.033299,2,1,6.033299,861,0,3.587500,0.000000,1,0,0,1,1,30.000000,80.000000,55.000000,48.966701,0,0,0
2026-05-14T15:49:53.985419,180.441667,13.162500,P00,visual_only,1,0,1,AUTO_WAIT,,none,0,-0.040000,-0.057000,0.030000,0.281000,-0.960000,1.630796,-2.621593,0.000000,0,0,0,0.000000,5.933077,0.000000,5.956719,2,1,5.956719,874,0,3.641667,0.000000,1,0,0,1,1,30.000000,80.000000,55.000000,49.043281,0,0,0
2026-05-14T15:49:54.185489,180.495833,13.216667,P00,visual_only,1,0,1,AUTO_WAIT,,none,0,-0.040000,-0.057000,0.030000,0.281000,-0.960000,1.630796,-2.621593,0.000000,0,0,0,0.000000,5.801256,0.000000,5.848102,2,1,5.848102,887,0,3.695833,0.000000,1,0,0,1,1,30.000000,80.000000,55.000000,49.151898,0,0,0
2026-05-14T15:49:54.385466,180.550000,13.270833,P00,visual_only,1,0,1,AUTO_WAIT,,none,0,-0.040000,-0.057000,0.030000,0.281000,-0.960000,1.630796,-2.621593,0.000000,0,0,0,0.000000,5.672657,0.000000,5.729526,2,1,5.729526,900,0,3.750000,0.000000,1,0,0,1,1,30.000000,80.000000,55.000000,49.270474,0,0,0
2026-05-14T15:49:54.587115,180.604167,13.325000,P00,visual_only,1,0,1,AUTO_WAIT,,none,0,-0.040000,-0.057000,0.030000,0.281000,-0.960000,1.630796,-2.621593,0.000000,0,0,0,0.000000,5.550152,0.000000,5.609724,2,1,5.609724,913,0,3.804167,0.000000,1,0,0,1,1,30.000000,80.000000,55.000000,49.390276,0,0,0
2026-05-14T15:49:54.787652,180.658333,13.379167,P00,visual_only,1,0,1,AUTO_WAIT,,none,0,-0.040000,-0.057000,0.030000,0.281000,-0.960000,1.630796,-2.621593,0.000000,0,0,0,0.000000,5.464453,0.000000,5.500545,2,1,5.500545,926,0,3.858333,0.000000,1,0,0,1,1,30.000000,80.000000,55.000000,49.499455,0,0,0
2026-05-14T15:49:54.987857,180.712500,13.433333,P00,visual_only,1,0,1,AUTO_WAIT,,none,0,-0.040000,-0.057000,0.030000,0.281000,-0.960000,1.630796,-2.621593,0.000000,0,0,0,0.000000,5.337456,0.000000,5.389131,2,1,5.389131,939,0,3.912500,0.000000,1,0,0,1,1,30.000000,80.000000,55.000000,49.610869,0,0,0
2026-05-14T15:49:55.188374,180.766667,13.487500,P00,visual_only,1,0,1,AUTO_WAIT,,none,0,-0.040000,-0.057000,0.030000,0.281000,-0.960000,1.630796,-2.621593,0.000000,0,0,0,0.000000,5.230882,0.000000,5.277781,2,1,5.277781,952,0,3.966667,0.000000,1,0,0,1,1,30.000000,80.000000,55.000000,49.722219,0,0,0
2026-05-14T15:49:55.387269,180.820833,13.541667,P00,visual_only,1,0,1,AUTO_WAIT,,none,0,-0.040000,-0.057000,0.030000,0.281000,-0.960000,1.630796,-2.621593,0.000000,0,0,0,0.000000,5.109972,0.000000,5.165115,2,1,5.165115,965,0,4.020833,0.000000,1,0,0,1,1,30.000000,80.000000,55.000000,49.834885,0,0,0
2026-05-14T15:49:55.587284,180.875000,13.595833,P00,visual_only,1,0,1,AUTO_WAIT,,none,0,-0.040000,-0.057000,0.030000,0.281000,-0.960000,1.630796,-2.621593,0.000000,0,0,0,0.000000,5.012429,0.000000,5.054716,2,1,5.054716,978,0,4.075000,0.000000,1,0,0,1,1,30.000000,80.000000,55.000000,49.945284,0,0,0
2026-05-14T15:49:55.788764,180.929167,13.650000,P00,visual_only,1,0,1,AUTO_WAIT,,none,0,-0.040000,-0.057000,0.030000,0.281000,-0.960000,1.630796,-2.621593,0.000000,0,0,0,0.000000,4.895306,0.000000,4.945251,2,1,4.945251,0,7,0.000000,0.029167,0,0,0,0,0,30.000000,80.000000,55.000000,50.054749,0,0,0
2026-05-14T15:49:55.988490,180.983333,13.704167,P00,visual_only,1,0,1,AUTO_WAIT,,none,0,-0.040000,-0.057000,0.030000,0.281000,-0.960000,1.630796,-2.621593,0.000000,0,0,0,0.000000,4.818996,0.000000,4.852350,2,1,4.852350,0,20,0.000000,0.083333,0,0,0,0,0,30.000000,80.000000,55.000000,50.147650,0,0,0
2026-05-14T15:49:56.189223,181.037500,13.758333,P00,visual_only,1,0,1,AUTO_WAIT,,none,0,-0.040000,-0.057000,0.030000,0.281000,-0.960000,1.630796,-2.621593,0.000000,0,0,0,0.000000,4.720191,0.000000,4.763615,2,1,4.763615,0,33,0.000000,0.137500,0,0,0,0,0,30.000000,80.000000,55.000000,50.236385,0,0,0
2026-05-14T15:49:56.388417,181.091667,13.812500,P00,visual_only,1,0,1,AUTO_WAIT,,none,0,-0.040000,-0.057000,0.030000,0.281000,-0.960000,1.630796,-2.621593,0.000000,0,0,0,0.000000,4.647313,0.000000,4.678852,2,1,4.678852,0,46,0.000000,0.191667,0,0,0,0,0,30.000000,80.000000,55.000000,50.321148,0,0,0
2026-05-14T15:49:56.586832,181.145833,13.866667,P00,visual_only,1,0,1,AUTO_WAIT,,none,0,-0.040000,-0.057000,0.030000,0.281000,-0.960000,1.630796,-2.621593,0.000000,0,0,0,0.000000,4.548217,0.000000,4.591540,2,1,4.591540,0,59,0.000000,0.245833,0,1,0,0,0,30.000000,80.000000,55.000000,50.408460,0,0,0
2026-05-14T15:49:56.787794,181.200000,13.920833,P00,visual_only,1,0,1,AUTO_WAIT,,none,0,-0.040000,-0.057000,0.030000,0.281000,-0.960000,1.630796,-2.621593,0.000000,0,0,0,0.000000,4.473933,0.000000,4.506171,2,1,4.506171,0,72,0.000000,0.300000,0,1,0,0,0,30.000000,80.000000,55.000000,50.493829,0,0,0
2026-05-14T15:49:56.986469,181.254167,13.975000,P00,visual_only,1,0,1,AUTO_WAIT,,none,0,-0.040000,-0.057000,0.030000,0.281000,-0.960000,1.630796,-2.621593,0.000000,0,0,0,0.000000,4.378755,0.000000,4.420050,2,1,4.420050,0,85,0.000000,0.354167,0,1,0,0,0,30.000000,80.000000,55.000000,50.579950,0,0,0
2026-05-14T15:49:57.189018,181.308333,14.029167,P00,visual_only,1,0,1,AUTO_WAIT,,none,0,-0.040000,-0.057000,0.030000,0.281000,-0.960000,1.630796,-2.621593,0.000000,0,0,0,0.000000,4.304623,0.000000,4.337079,2,1,4.337079,0,98,0.000000,0.408333,0,1,0,0,0,30.000000,80.000000,55.000000,50.662921,0,0,0
2026-05-14T15:49:57.393734,181.362500,14.083333,P00,visual_only,1,0,1,AUTO_WAIT,,none,0,-0.040000,-0.057000,0.030000,0.281000,-0.960000,1.630796,-2.621593,0.000000,0,0,0,0.000000,4.212055,0.000000,4.252282,2,1,4.252282,0,111,0.000000,0.462500,0,1,0,0,0,30.000000,80.000000,55.000000,50.747718,0,0,0
2026-05-14T15:49:57.594155,181.416667,14.137500,P00,visual_only,1,0,1,AUTO_WAIT,,none,0,-0.040000,-0.057000,0.030000,0.281000,-0.960000,1.630796,-2.621593,0.000000,0,0,0,0.000000,3.211309,0.000000,3.898121,2,1,3.898121,0,124,0.000000,0.516667,0,1,0,0,0,30.000000,80.000000,55.000000,51.101879,0,0,0
2026-05-14T15:49:57.794658,181.470833,14.191667,P00,visual_only,1,0,1,AUTO_WAIT,,none,0,-0.040000,-0.057000,0.030000,0.281000,-0.960000,1.630796,-2.621593,0.000000,0,0,0,0.000000,5.579081,0.000000,5.112196,2,1,5.112196,2,0,0.008333,0.000000,0,0,0,1,1,30.000000,80.000000,55.000000,49.887804,0,0,0
2026-05-14T15:49:57.994230,181.525000,14.245833,P00,visual_only,1,0,1,AUTO_WAIT,,none,0,-0.040000,-0.057000,0.030000,0.281000,-0.960000,1.630796,-2.621593,0.000000,0,0,0,0.000000,4.668337,0.000000,4.836908,2,1,4.836908,0,6,0.000000,0.025000,0,0,0,0,0,30.000000,80.000000,55.000000,50.163092,0,0,0
2026-05-14T15:49:58.198610,181.579167,14.300000,P00,visual_only,1,0,1,AUTO_WAIT,,none,0,-0.040000,-0.057000,0.030000,0.281000,-0.960000,1.630796,-2.621593,0.000000,0,0,0,0.000000,4.530879,0.000000,4.594776,2,1,4.594776,0,19,0.000000,0.079167,0,0,0,0,0,30.000000,80.000000,55.000000,50.405224,0,0,0
2026-05-14T15:49:58.396814,181.633333,14.354167,P00,visual_only,1,0,1,AUTO_WAIT,,none,0,-0.040000,-0.057000,0.030000,0.281000,-0.960000,1.630796,-2.621593,0.000000,0,0,0,0.000000,4.433664,0.000000,4.479269,2,1,4.479269,0,32,0.000000,0.133333,0,0,0,0,0,30.000000,80.000000,55.000000,50.520731,0,0,0
2026-05-14T15:49:58.596282,181.687500,14.408333,P00,visual_only,1,0,1,AUTO_WAIT,,none,0,-0.040000,-0.057000,0.030000,0.281000,-0.960000,1.630796,-2.621593,0.000000,0,0,0,0.000000,4.349467,0.000000,4.387043,2,1,4.387043,0,45,0.000000,0.187500,0,0,0,0,0,30.000000,80.000000,55.000000,50.612957,0,0,0
2026-05-14T15:49:58.627557,181.695833,14.416667,P00,visual_only,1,0,1,AUTO_WAIT,E00021,none,0,-0.040000,-0.057000,0.030000,0.281000,-0.960000,1.630796,-2.621593,0.000000,0,0,0,0.000000,4.335366,0.000000,4.373068,2,1,4.373068,0,47,0.000000,0.195833,0,0,0,0,0,30.000000,80.000000,55.000000,50.626932,0,0,0
